PHOTOID, LATITUDE, LONGITUDE, DATETIME
36887984214, 65.021988, 25.470377, 2017:10:09 16:32:09
37561032382, 65.016288, 25.437741, 2017:10:09 13:52:24
37591932441, 65.022363, 25.461997, 2017:10:09 14:10:47
36859138604, 65.015033, 25.470055, 2017:10:08 14:09:45
37537318182, 65.015055, 25.469955, 2017:10:08 14:10:00
37310568560, 65.022013, 25.472569, 2017:10:08 13:28:57
37310518140, 65.013525, 25.462291, 2017:10:08 13:59:19
37537192582, 65.022527, 25.470052, 2017:10:08 13:26:00
37520866886, 65.022227, 25.470052, 2017:10:08 13:24:41
23701563278, 65.021680, 25.470458, 2017:10:07 18:05:25
23701463108, 65.021824, 25.470444, 2017:10:07 18:07:54
37505439036, 65.021900, 25.470552, 2017:10:07 18:11:29
36882373553, 65.021733, 25.470452, 2017:10:07 18:05:58
37471555016, 65.011488, 25.483672, 2017:10:04 04:42:35
36809415834, 65.009827, 25.482891, 2017:10:04 04:41:05
23625940628, 65.014536, 25.464724, None
37377452116, 65.021991, 25.470377, 2017:10:01 10:34:42
36702302324, 65.011022, 25.483902, 2017:09:29 21:14:44
36702081804, 65.022036, 25.470550, 2017:09:30 18:41:35
37347073936, 65.023030, 25.468883, None
37308754886, 65.022086, 25.470177, 2017:09:27 20:35:13
37326062792, 65.022138, 25.470080, 2017:09:27 20:36:03
37079589390, 65.021847, 25.470586, 2017:09:25 19:34:07
37072534960, 65.012797, 25.466936, None
37056704210, 65.021877, 25.470513, 2017:09:25 19:34:49
36602933984, 65.021866, 25.470538, 2017:09:25 19:35:41
37450917555, 65.021936, 25.470658, 2017:09:23 19:26:38
37278602482, 65.021936, 25.470658, 2017:09:23 19:29:45
37447471525, 65.012155, 25.465514, 2017:09:24 07:46:53
37447451465, 65.010927, 25.471415, 2017:09:23 18:19:46
37257560466, 65.014197, 25.471233, 2017:09:22 16:06:31
37304637901, 65.014197, 25.471233, 2017:09:22 16:03:49
37048657240, 65.014055, 25.458862, 2017:09:22 15:36:36
37447272275, 65.013710, 25.463433, 2017:09:22 15:31:35
37257453796, 65.013882, 25.465857, 2017:09:22 15:28:53
36595003664, 65.014907, 25.464291, 2017:09:22 15:13:26
37275058552, 65.021848, 25.482498, 2017:09:22 14:44:29
36634741223, 65.021658, 25.482680, 2017:09:22 14:43:47
36594961344, 65.017227, 25.472702, 2017:09:22 14:28:32
37257374546, 65.014347, 25.475503, 2017:09:22 14:16:59
37257296966, 65.014469, 25.475052, 2017:09:22 13:51:12
37447099575, 65.015373, 25.469548, 2017:09:22 13:43:40
37010323980, 65.021786, 25.470350, 2017:09:23 18:40:06
37218385636, 65.021852, 25.470508, 2017:09:23 18:08:43
37218205926, 65.021844, 25.470538, 2017:09:23 18:08:12
36864647280, 65.011775, 25.478045, None
36813241346, 65.021736, 25.470530, 2017:09:03 14:49:19
36860808591, 65.022913, 25.456919, 2017:09:03 14:11:43
36165399234, 65.022769, 25.457255, 2017:09:03 14:10:36
36813014206, 65.022525, 25.461597, 2017:09:03 14:01:25
36800913035, 65.021744, 25.470616, 2017:08:25 21:30:40
36457262611, 65.022130, 25.470886, None
35784644283, 65.018261, 25.466150, 2017:08:15 20:55:00
36370093401, 65.021930, 25.470519, 2017:08:11 22:33:22
35973424160, 65.013991, 25.466115, None
35911715880, 65.012409, 25.472992, None
35471055964, 65.012513, 25.467606, None
34940037754, 65.022152, 25.465602, 2017:07:07 19:52:51
35272845022, 65.011263, 25.481008, None
35171719221, 65.014708, 25.463358, None
34815351580, 65.027797, 25.447833, None
34539820110, 65.021913, 25.470522, None
34524316660, 65.015436, 25.463240, 2017:05:26 12:58:13
34911302285, 65.015436, 25.463240, 2017:05:26 13:09:18
36888718644, 65.022280, 25.462169, 2017:10:09 14:12:56
37559676532, 65.021991, 25.470377, 2017:10:09 09:16:13
37261221430, 64.984313, 25.459494, 2017:10:04 05:02:11
37488565372, 64.984313, 25.459494, 2017:10:04 05:02:05
23599803908, 65.015619, 25.436972, 2017:10:02 15:30:51
37048837880, 65.013411, 25.464463, 2017:09:24 07:39:57
37447448585, 65.014197, 25.471233, 2017:09:23 17:53:20
37447448155, 65.014197, 25.471233, 2017:09:23 17:52:57
37275015032, 65.015040, 25.473067, 2017:09:22 14:21:03
37275014282, 65.014723, 25.474205, 2017:09:22 14:22:28
37001080445, 65.022969, 25.455916, 2017:09:03 14:14:24
36641019711, 64.993583, 25.457430, None
36641018921, 64.993622, 25.457400, None
36610181472, 64.993600, 25.457416, None
36732852886, 64.993569, 25.457283, None
36732850566, 64.993575, 25.457333, None
36732845336, 64.993561, 25.457361, None
36382944830, 64.993538, 25.457380, None
36382942070, 64.993302, 25.457180, None
36382937380, 64.993622, 25.457408, None
36382936000, 64.993569, 25.457419, None
35945422494, 64.993447, 25.457491, None
35945421654, 64.993569, 25.457569, None
36382924530, 64.993111, 25.456811, None
36779240105, 64.993569, 25.457241, None
35951751193, 65.015950, 25.437325, 2017:08:23 19:45:34
36364111600, 65.015952, 25.437330, 2017:08:23 19:46:14
36274577000, 65.028142, 25.439915, None
35717007053, 65.022094, 25.471263, 2017:08:12 21:22:25
36506529025, 65.021880, 25.470566, 2017:08:11 22:08:19
35697799223, 65.021880, 25.470566, 2017:08:11 22:08:36
36369186381, 65.021874, 25.470574, 2017:08:11 22:08:01
36367950341, 65.022080, 25.469722, 2017:08:11 19:55:13
35670347114, 65.022080, 25.469722, 2017:08:11 19:45:14
36367923461, 65.022080, 25.469722, 2017:08:11 19:42:05
36365916021, 65.021908, 25.469947, None
36334903892, 65.021933, 25.469869, None
35668323534, 65.018261, 25.466150, None
36299722822, 65.022047, 25.470327, 2017:08:09 22:34:56
36420726006, 65.016108, 25.438180, 2017:08:09 17:57:09
36463943505, 65.016119, 25.438088, 2017:08:09 18:00:54
35655780453, 65.015975, 25.437230, 2017:08:09 17:55:52
36066752940, 65.016141, 25.437741, 2017:08:09 17:56:26
36326536331, 65.016122, 25.438052, 2017:08:09 17:58:18
36065543610, 65.013927, 25.466127, 2017:08:09 16:01:29
35627337924, 65.014952, 25.464052, 2017:08:09 16:00:19
35499873603, 65.014716, 25.475878, None
36264124836, 65.017960, 25.468432, None
35689216090, 65.020797, 25.485950, 2017:07:22 08:58:54
35809138632, 65.017127, 25.470158, 2017:07:16 15:16:38
34970418633, 65.021563, 25.468502, 2017:07:07 19:48:55
35610981122, 65.021483, 25.468533, 2017:07:07 19:48:06
35392350690, 65.022027, 25.470063, 2017:07:07 18:36:46
34970343533, 65.022011, 25.470130, 2017:07:07 19:27:39
35778705245, 65.021905, 25.469761, 2017:07:07 18:20:21
34938069874, 65.022208, 25.469522, 2017:07:07 18:01:25
35778125785, 65.021866, 25.469780, 2017:07:07 17:44:45
35632195961, 65.015791, 25.466580, 2017:07:06 23:27:05
35594239642, 65.015791, 25.466580, 2017:07:06 23:25:57
35368484680, 65.015936, 25.470499, 2017:07:06 10:33:52
35732528445, 65.022080, 25.470758, 2017:07:05 12:08:42
34891226614, 65.022083, 25.470705, 2017:07:05 12:07:21
34921112703, 65.013297, 25.460572, 2017:06:21 18:43:44
35343373890, 65.013663, 25.460236, 2017:06:21 18:45:25
35730684805, 65.013672, 25.460227, 2017:06:21 18:45:31
35343372580, 65.013869, 25.459444, 2017:06:21 18:47:08
35599340261, 65.014022, 25.458808, 2017:06:21 18:47:59
35730683475, 65.014122, 25.458655, 2017:06:21 18:48:18
35730682875, 65.014441, 25.458391, 2017:06:21 18:50:03
35690762686, 65.014580, 25.458016, 2017:06:21 18:51:12
34921106433, 65.014580, 25.457961, 2017:06:21 18:51:27
35690760606, 65.015366, 25.466697, 2017:06:21 23:21:49
34889188614, 65.014227, 25.465655, 2017:06:21 18:28:15
34889187774, 65.013488, 25.465127, 2017:06:21 18:29:57
35599221331, 65.013305, 25.464586, 2017:06:21 18:31:09
34889186654, 65.012602, 25.467724, 2017:06:21 18:34:39
35730561495, 65.013572, 25.463519, 2017:06:21 18:39:21
34889185594, 65.013855, 25.462897, 2017:06:21 18:40:10
35690664826, 65.013680, 25.463316, 2017:06:21 18:39:34
34920996463, 65.013411, 25.462161, 2017:06:21 18:41:27
35730558475, 65.013383, 25.462130, 2017:06:21 18:41:33
35690661366, 65.013344, 25.462119, 2017:06:21 18:41:45
35332188090, 65.024077, 25.470566, 2017:07:04 20:26:37
34878009594, 65.024077, 25.470566, 2017:07:04 20:21:53
34909737373, 65.024077, 25.470566, 2017:07:04 20:26:23
35719237135, 65.024063, 25.470419, 2017:07:04 20:15:27
35550508962, 65.024063, 25.470419, 2017:07:04 20:15:05
35679741356, 65.024063, 25.470419, 2017:07:04 20:14:22
35679706276, 65.024063, 25.470419, 2017:07:04 20:13:40
35332075750, 65.024063, 25.470419, 2017:07:04 20:13:15
34909658443, 65.024063, 25.470419, 2017:07:04 20:13:49
35588251501, 65.024063, 25.470419, 2017:07:04 20:12:35
35719115935, 65.024063, 25.470419, 2017:07:04 20:12:48
35331999650, 65.024063, 25.470419, 2017:07:04 20:12:23
34877782734, 65.024063, 25.470419, 2017:07:04 20:14:08
35550372772, 65.024072, 25.470425, 2017:07:04 20:10:01
34909496593, 65.024072, 25.470425, 2017:07:04 20:10:43
35718962535, 65.024072, 25.470425, 2017:07:04 20:09:47
35718932285, 65.024072, 25.470425, 2017:07:04 20:10:14
35588066561, 65.024077, 25.470566, 2017:07:04 20:17:55
35550265282, 65.024075, 25.470499, 2017:07:04 20:07:47
35550228632, 65.024066, 25.470497, 2017:07:04 20:17:42
35679430116, 65.024075, 25.470499, 2017:07:04 20:07:29
35550200862, 65.024069, 25.470455, 2017:07:04 20:01:45
34909399713, 65.023986, 25.470769, 2017:07:04 20:01:16
34909391413, 65.023986, 25.470769, 2017:07:04 19:59:38
34909382603, 65.023986, 25.470769, 2017:07:04 19:59:03
35331355790, 65.020163, 25.480150, 2017:07:01 12:38:15
35660752186, 65.022555, 25.468858, 2017:07:03 23:15:09
35525935562, 65.022016, 25.470163, 2017:06:30 19:43:24
35655532526, 65.015791, 25.466580, 2017:06:30 19:36:30
35694275075, 65.021766, 25.470572, 2017:07:03 17:56:52
35694234945, 65.021880, 25.470572, 2017:07:03 17:59:48
35694204195, 65.021883, 25.470566, 2017:07:03 17:58:25
34885022713, 65.021888, 25.470572, 2017:07:03 17:58:11
35652371556, 65.000000, 25.505000, 2017:07:01 23:46:59
34860940333, 65.015636, 25.468830, 2017:07:02 16:08:43
34860904403, 65.014233, 25.463572, 2017:07:02 16:05:55
35282867290, 65.016227, 25.460236, 2017:07:02 15:42:19
35266470000, 65.016380, 25.526679, None
34842435893, 65.022105, 25.470027, 2017:07:01 18:08:59
35482734802, 65.021966, 25.470511, 2017:07:01 17:50:12
34842335033, 65.022011, 25.470130, 2017:07:01 18:07:54
34804778053, 65.015911, 25.437400, 2017:06:29 19:36:32
35574824546, 65.015311, 25.461744, 2017:06:29 19:36:10
35210764940, 65.013555, 25.475297, 2017:06:28 23:09:55
34585800594, 64.984113, 25.509597, 2017:06:20 09:22:05
35298057511, 65.022133, 25.470827, 2017:06:20 10:27:26
34581012024, 65.021669, 25.469849, 2017:06:20 13:00:01
34599599953, 65.013869, 25.473808, 2017:06:19 20:04:52
34599540663, 65.013969, 25.473525, 2017:06:19 20:03:54
35210971292, 65.021822, 25.469724, 2017:06:18 05:31:43
35372019285, 65.022030, 25.470427, 2017:06:17 18:06:05
35372016975, 65.022030, 25.470427, None
35372014885, 65.022030, 25.470427, 2017:06:17 18:05:12
35242280241, 65.022555, 25.468858, None
34516790533, 65.021597, 25.438597, 2017:06:15 19:35:50
34483285654, 65.021591, 25.438611, 2017:06:15 19:34:18
34516719203, 65.022200, 25.441391, 2017:06:15 19:20:15
34483238144, 65.022205, 25.441394, 2017:06:15 19:20:25
35326753715, 65.024158, 25.457075, 2017:06:15 18:22:43
35159914992, 65.021647, 25.463947, 2017:06:15 18:19:27
34511072393, 65.021491, 25.471169, 2017:06:15 14:13:08
34491572613, 65.014799, 25.463763, None
34833964730, 65.012894, 25.466266, None
35181875735, 65.026363, 25.471094, None
34327137824, 65.025838, 25.456233, None
34700308010, 65.027877, 25.447897, None
34912965202, 65.015791, 25.466580, 2017:06:03 23:21:28
34688686460, 65.021952, 25.470483, None
34688455610, 65.021952, 25.470483, None
34263760053, 65.021955, 25.470388, None
34871636152, 65.013525, 25.468422, None
34884046371, 65.013947, 25.466694, None
34168835064, 65.015791, 25.466580, 2017:05:31 17:26:35
34151475824, 65.015911, 25.437497, None
34183803983, 65.015911, 25.437511, None
34953964876, 64.988930, 25.434186, None
34785540232, 65.012097, 25.469269, None
34557311490, 65.013755, 25.472969, None
34557304580, 65.013724, 25.473080, None
34944746515, 65.013672, 25.472916, None
34887421656, 65.015236, 25.461319, None
34795917771, 65.021916, 25.470436, None
34887287386, 65.021916, 25.470438, None
34927693675, 65.022177, 25.470491, 2017:05:27 18:09:08
34540310820, 65.022075, 25.470125, 2017:05:27 18:06:10
34763736812, 65.021911, 25.470469, None
34083897524, 65.021905, 25.470505, 2017:05:27 19:01:48
34071426374, 65.021869, 25.470263, 2017:05:26 19:22:11
34911392795, 65.015436, 25.463240, 2017:05:26 13:04:07
34747908212, 65.015436, 25.463240, 2017:05:26 13:05:06
34870820616, 65.015436, 25.463240, 2017:05:26 13:12:17
34779444191, 65.015436, 25.463240, 2017:05:26 13:06:03
34100329573, 65.015436, 25.463240, 2017:05:26 13:06:43
34911342285, 65.015436, 25.463240, 2017:05:26 13:07:20
34747859792, 65.015436, 25.463240, 2017:05:26 13:08:00
34100285083, 65.015436, 25.463240, 2017:05:26 13:10:22
34524178770, 65.015436, 25.463240, 2017:05:26 13:10:57
34068229304, 65.015436, 25.463240, 2017:05:26 13:13:25
34911251955, 65.015436, 25.463240, 2017:05:26 13:13:59
34068209084, 65.015436, 25.463240, 2017:05:26 13:14:43
34911237365, 65.015436, 25.463240, 2017:05:26 13:14:57
34911230385, 65.015436, 25.463240, 2017:05:26 13:15:51
34524067670, 65.015436, 25.463240, 2017:05:26 13:16:17
34068144874, 65.015436, 25.463240, 2017:05:26 13:16:39
36817581494, 63.107009, 21.671111, 2017:09:26 11:04:51
36735489743, 63.097515, 21.612918, 2017:09:29 14:18:24
23475005338, 63.089257, 21.621598, None
37412484375, 63.096827, 21.631951, None
37068073536, 63.107514, 21.609957, None
36955169205, 63.088252, 21.606159, None
36734383391, 63.096047, 21.615550, 2017:08:24 11:12:56
36825142465, 63.088252, 21.605944, 2017:08:25 16:37:52
35719439813, 63.094722, 21.616388, 2017:08:07 13:36:10
36182521322, 63.105913, 21.618994, 2017:08:01 12:24:37
36182513602, 63.096858, 21.604077, 2017:08:01 17:25:43
35971682241, 63.098027, 21.602633, None
36013257925, 63.097881, 21.621476, 2017:07:05 14:26:48
35263803186, 63.110707, 21.615021, None
35233205205, 63.093467, 21.612768, None
34835333880, 63.110047, 21.607596, None
34820631165, 63.102897, 21.671494, 2017:05:19 17:15:42
34471540736, 63.095957, 21.616491, None
33626857780, 63.096490, 21.614200, None
33781115092, 63.095875, 21.615922, None
33527575336, 63.095175, 21.611233, 2017:03:21 12:08:39
33040061140, 63.092360, 21.603455, 2017:01:07 14:11:58
32608820913, 63.092360, 21.603455, 2017:01:07 14:15:34
32917421090, 63.093855, 21.602425, None
33046040386, 63.094593, 21.615858, None
32253283153, 63.096316, 21.615289, None
32843612462, 63.091350, 21.606373, 2017:02:19 19:19:14
32938302705, 63.102443, 21.601490, 2016:12:09 14:15:24
32813959701, 63.103084, 21.596286, 2016:12:09 14:17:32
32779846632, 63.097360, 21.601374, 2017:02:16 14:37:52
32506471940, 63.096147, 21.600997, 2017:02:13 15:48:49
32617919381, 63.074708, 21.638122, 2017:02:05 14:30:21
32100644780, 63.074722, 21.643055, 2017:01:06 14:06:13
32100644040, 63.074722, 21.643055, 2017:01:06 14:06:15
32438710026, 63.074722, 21.643055, 2017:01:06 14:05:04
32327666352, 63.074722, 21.643055, 2017:01:06 14:04:58
32327666142, 63.074722, 21.643055, 2017:01:06 14:04:12
32438705356, 63.074722, 21.643055, 2017:01:06 14:05:02
32327574052, 63.104444, 21.690000, None
32438620476, 63.111111, 21.698333, None
31631882844, 63.074758, 21.635298, None
32089588930, 63.074444, 21.642500, None
31564089484, 63.099355, 21.599016, None
31581749243, 63.095475, 21.619205, 2017:01:18 21:03:50
31328418594, 63.098100, 21.602563, None
31794835940, 63.102450, 21.601482, None
31328416864, 63.102353, 21.601611, None
31794832950, 63.108429, 21.604701, None
31328413974, 63.100275, 21.601793, None
31270993113, 63.086698, 21.684393, 2016:09:30 15:48:10
31957279091, 63.079743, 21.641263, 2013:04:06 15:07:22
31914621251, 63.090827, 21.605927, None
31190650904, 63.090822, 21.605936, None
31914618931, 63.102353, 21.601611, None
31190648254, 63.097401, 21.617597, None
31830074621, 63.101605, 21.619391, 2016:12:28 21:14:42
30965672714, 63.095500, 21.601000, None
30996728093, 63.095557, 21.615729, None
30585607234, 63.114894, 21.706519, 2016:12:04 09:57:10
30562867093, 63.096286, 21.616136, 2016:09:17 13:41:10
30490305714, 63.095078, 21.612006, 2016:09:17 14:59:00
31156507242, 63.092107, 21.600086, None
31180781481, 63.095078, 21.612006, 2016:09:17 15:16:48
31064454111, 63.097341, 21.621726, 2016:10:13 15:09:35
30371257173, 63.106165, 21.661326, 2016:11:06 11:44:36
30279235413, 63.093900, 21.601777, 2016:11:11 19:19:34
30799090062, 63.093909, 21.599953, 2016:11:11 19:26:04
30799089882, 63.093453, 21.602571, 2016:11:11 19:34:50
30879216976, 63.091404, 21.605167, 2016:11:11 19:38:11
30879216696, 63.091365, 21.605232, 2016:11:11 19:43:17
30013175303, 63.090660, 21.613025, None
30491041935, 63.094410, 21.617719, None
30374125212, 63.094410, 21.617719, None
30403818241, 63.094410, 21.617719, None
29986580545, 63.083008, 21.638619, 2016:09:17 11:03:59
29411608733, 63.097475, 21.621756, 2016:09:22 10:36:24
30038626155, 63.097475, 21.621756, 2016:09:22 10:30:56
29954979661, 63.097475, 21.621756, 2016:09:22 10:30:37
29692834030, 63.082766, 21.639333, 2016:09:17 16:13:40
29361449914, 63.097475, 21.621756, 2016:09:22 10:11:43
29349938154, 63.097475, 21.621756, 2016:09:22 08:16:05
29935067506, 63.096096, 21.626370, 2016:09:22 08:02:47
29675427410, 63.095863, 21.619697, 2016:09:22 07:52:37
29919388215, 63.082766, 21.639333, 2016:09:17 16:17:41
29832328071, 63.094136, 21.593799, 2016:09:15 19:53:38
29596752620, 63.095863, 21.619697, 2016:09:22 07:52:20
29263114894, 63.095931, 21.619053, 2016:09:22 07:51:35
29855406686, 63.095562, 21.618109, 2016:09:22 07:50:14
29855290426, 63.095553, 21.618001, 2016:09:22 07:49:59
29806773521, 63.095562, 21.617980, 2016:09:22 07:49:50
29254366183, 63.095533, 21.617894, 2016:09:22 07:49:45
29797472101, 63.095310, 21.616714, 2016:09:22 07:48:33
29766562082, 63.095310, 21.616714, 2016:09:22 07:47:13
29253600713, 63.095310, 21.616714, 2016:09:22 07:47:03
29252911764, 63.095310, 21.616714, 2016:09:22 07:45:42
29252800234, 63.094999, 21.615813, 2016:09:22 07:45:01
29765985542, 63.094999, 21.615813, 2016:09:22 07:44:56
29765891852, 63.095310, 21.616714, 2016:09:22 07:44:17
29248035424, 63.095310, 21.616714, 2016:09:22 07:41:22
29247732294, 63.095320, 21.616285, 2016:09:22 07:41:17
29839653466, 63.095320, 21.616285, 2016:09:22 07:29:15
29247103404, 63.095320, 21.616285, 2016:09:22 07:26:17
29247029904, 63.095320, 21.616285, 2016:09:22 07:30:32
29246529174, 63.095320, 21.616778, 2016:09:22 07:24:23
29759762532, 63.097349, 21.622615, 2016:09:22 07:08:32
29838232026, 63.097349, 21.622615, 2016:09:22 06:55:37
29790280951, 63.097349, 21.622615, 2016:09:22 06:51:28
29245750504, 63.097349, 21.622615, 2016:09:22 06:49:45
29789845221, 63.097349, 21.622615, 2016:09:22 05:43:46
29246164683, 63.097155, 21.623688, 2016:09:22 05:42:05
29758655662, 63.097155, 21.623688, 2016:09:22 05:41:38
29789282031, 63.097349, 21.622615, 2016:09:22 05:45:36
29737846431, 63.094942, 21.609914, 2016:09:18 14:29:17
29289658810, 63.088970, 21.629086, None
29545713026, 63.092641, 21.615257, None
28890455774, 63.099205, 21.602554, None
29256351166, 63.096898, 21.607995, None
29185312631, 63.096898, 21.607995, None
28484850863, 63.114955, 21.706669, 2016:08:20 11:35:57
28484311093, 63.072650, 21.660189, None
28303270723, 63.096780, 21.613348, None
28301016014, 63.093866, 21.613500, None
28303268933, 63.095105, 21.612072, None
28301014104, 63.099420, 21.610740, None
28303265563, 63.099420, 21.610740, None
28276302043, 63.100000, 21.600000, None
28590373610, 63.098100, 21.602563, None
28798372101, 63.097411, 21.616417, None
28788862876, 63.100506, 21.626243, None
28554600551, 63.100000, 21.600000, None
28347578750, 63.092067, 21.604065, None
28626150535, 63.096490, 21.614200, None
28619510035, 63.102573, 21.601438, None
28608806715, 63.116700, 21.633300, None
27986990184, 63.101570, 21.616085, None
28603932945, 63.101570, 21.616085, None
28125717750, 63.097865, 21.626586, None
27644165573, 63.092000, 21.625728, None
28132882965, 63.084888, 21.677897, 2016:06:25 12:02:50
28007173681, 63.097059, 21.622123, 2016:06:08 16:06:26
27470706574, 63.097341, 21.622992, 2016:06:08 16:11:03
27649431096, 63.089786, 21.659545, None
27038940114, 63.087902, 21.651971, 2010:07:07 21:44:45
27361340510, 63.116155, 21.595319, 2016:06:13 06:04:53
27565527471, 63.117152, 21.598055, 2016:06:13 05:59:58
27605263516, 63.116169, 21.595174, 2016:06:13 06:05:41
27628020625, 63.113313, 21.605133, 2016:06:12 20:54:14
27583861866, 63.095716, 21.616030, 2016:06:12 06:33:03
27617674575, 63.094930, 21.616344, 2016:06:12 06:30:48
27583806996, 63.093602, 21.614063, 2016:06:12 06:23:21
27544458641, 63.096313, 21.601152, 2016:06:12 06:10:42
27544432571, 63.096313, 21.601152, 2016:06:12 06:09:43
27517959302, 63.099252, 21.601052, 2016:06:12 06:02:57
27583681156, 63.099358, 21.599747, 2016:06:12 05:59:32
27617441245, 63.099358, 21.599747, 2016:06:12 05:58:28
27340011670, 63.104888, 21.603144, 2016:06:12 05:47:24
27544225841, 63.106988, 21.603330, 2016:06:12 06:51:34
26996671574, 63.108119, 21.606300, 2016:06:11 17:36:21
26996265814, 63.101588, 21.603997, 2016:06:11 17:51:35
26940457123, 63.095583, 21.613862, None
26895823543, 63.088368, 21.607489, 2016:06:04 22:17:17
26549264893, 63.088562, 21.609206, None
26913056525, 63.119605, 21.659545, None
26550913652, 63.108887, 21.614280, None
26500377056, 63.093874, 21.593456, None
26166982041, 63.105864, 21.618272, 2014:09:19 16:46:13
26139852812, 63.096040, 21.599872, 2015:10:07 22:05:42
26149707586, 63.098428, 21.599893, None
25531865604, 63.097602, 21.599572, 2016:03:30 17:48:27
26052249461, 63.081336, 21.630880, 2016:03:28 18:54:04
25933853375, 63.093962, 21.594904, None
25876248545, 63.094515, 21.595022, None
25243545694, 63.094515, 21.595022, 2016:03:16 09:43:13
25526588162, 63.101331, 21.603262, None
25607116675, 63.095253, 21.614913, None
25377498002, 63.099418, 21.625728, None
24731934540, 63.099932, 21.622249, None
24975542865, 63.098355, 21.599528, None
24838610502, 63.082511, 21.623690, None
24612406402, 63.094229, 21.600837, None
24596526781, 63.094311, 21.600365, None
24523299232, 63.095510, 21.600955, 2013:10:18 12:19:09
23812533493, 63.100000, 21.600000, None
24142700450, 63.108300, 21.616040, None
23941195511, 63.118914, 21.688942, None
23981173695, 63.103457, 21.626586, None
23027767134, 63.093719, 21.593735, None
22839815843, 63.093942, 21.596310, None
23369331075, 63.119605, 21.599121, None
23206936001, 63.082725, 21.638646, 2015:08:15 18:30:00
22244795934, 63.091199, 21.613122, None
22411245535, 63.096389, 21.601374, None
22375719641, 63.097972, 21.599249, None
22336038345, 63.093719, 21.594529, None
22142436680, 63.093748, 21.599786, None
21535063853, 63.094209, 21.620814, 2015:10:12 10:18:49
22094766025, 63.086814, 21.619259, 2015:06:21 17:24:09
21839870086, 63.107872, 21.609344, 2014:12:17 13:18:21
21678177348, 63.107661, 21.609986, 2014:12:17 13:16:30
21244956013, 63.107680, 21.609850, 2014:12:17 13:15:48
21875632241, 63.107105, 21.610536, 2014:12:17 12:47:39
21679128909, 63.104825, 21.616072, 2014:12:17 12:37:25
21854083232, 63.116219, 21.611652, 2014:12:17 08:23:18
21677944450, 63.095805, 21.614925, 2014:12:16 19:57:44
21677942320, 63.095750, 21.615600, 2014:12:16 18:37:12
21243237704, 63.095750, 21.615600, 2014:12:16 18:35:52
21854070122, 63.095750, 21.615600, 2014:12:16 18:35:17
21243234234, 63.095244, 21.612166, 2014:12:13 17:28:41
21243232394, 63.095138, 21.612191, 2014:12:13 17:20:05
21875600671, 63.095244, 21.612166, 2014:12:13 17:17:06
21679103719, 63.094855, 21.611591, 2014:12:13 16:52:13
21677705820, 63.102672, 21.646672, 2014:11:21 09:28:23
21677703710, 63.089019, 21.603497, 2014:11:21 07:10:09
21865739555, 63.112400, 21.609194, 2014:11:05 17:08:56
21875360391, 63.109961, 21.607469, 2014:11:05 17:04:57
21839582356, 63.106336, 21.603808, 2014:11:05 16:56:26
21865734105, 63.098550, 21.599625, 2014:11:05 16:44:46
21244675173, 63.096894, 21.599744, 2014:11:05 16:43:11
21865730525, 63.094016, 21.600172, 2014:11:05 16:37:31
21242978884, 63.092961, 21.597480, 2014:11:05 16:31:50
21865726935, 63.092427, 21.603819, 2014:11:05 16:24:34
21839571826, 63.090452, 21.606675, 2014:11:05 16:14:42
21677884968, 63.090913, 21.613069, 2014:11:05 16:09:16
21865722245, 63.091505, 21.613088, 2014:11:05 16:06:54
21678845069, 63.118538, 21.603927, 2014:10:24 11:13:42
21242958774, 63.098180, 21.599744, 2014:10:16 18:50:17
21853789232, 63.107858, 21.609452, 2014:10:13 15:23:47
21244527123, 63.099530, 21.601105, 2014:10:02 20:01:59
21244525463, 63.098827, 21.611427, 2014:10:02 19:01:31
21677741798, 63.097827, 21.605355, 2014:10:02 18:56:33
21875198001, 63.104647, 21.594624, 2014:10:02 17:32:33
21865573495, 63.099544, 21.615791, 2014:09:29 15:19:11
21242820934, 63.096505, 21.616672, 2014:09:29 15:14:07
21678681959, 63.099811, 21.601761, 2014:09:14 16:00:06
21853584922, 63.116225, 21.611769, 2014:09:11 06:52:28
21865494965, 63.102933, 21.592491, 2014:09:08 10:07:58
21875081341, 63.111780, 21.607938, 2014:09:04 14:49:50
21244383373, 63.095350, 21.596019, 2014:08:31 12:42:54
21244378353, 63.096075, 21.603800, 2014:08:31 12:32:41
21242677244, 63.104583, 21.600569, 2014:08:31 10:40:26
21875047581, 63.096069, 21.615686, 2014:08:31 10:01:00
21865421235, 63.093900, 21.601975, 2014:08:31 09:10:35
21875034611, 63.093783, 21.595108, 2014:08:30 19:41:08
21379819395, 63.107446, 21.610043, 2015:09:13 13:35:05
21151930182, 63.082166, 21.641166, None
20304655823, 63.090835, 21.610622, None
20713809918, 63.094527, 21.600755, None
20255973194, 63.097294, 21.599549, None
20469988318, 63.098100, 21.602563, None
19731527413, 63.096333, 21.613848, None
37240253965, 61.685602, 27.246322, 2016:08:08 17:06:59
34941920530, 61.674780, 27.269439, 2017:06:10 13:18:37
34405471353, 61.693236, 27.274552, 2013:12:27 17:57:41
33010544130, 61.687755, 27.273108, None
30299935740, 61.676013, 27.284094, 2016:10:01 11:31:45
30412168816, 61.676400, 27.283955, 2016:10:01 11:25:36
30090003080, 61.691561, 27.268580, 2016:10:01 13:27:47
30065733830, 61.680524, 27.285263, 2016:10:01 14:18:42
29732488874, 61.692175, 27.271338, 2016:10:01 13:58:41
30351194276, 61.692175, 27.271338, 2016:10:01 13:54:33
29756546664, 61.680738, 27.283397, 2016:10:01 14:22:51
29005838250, 61.687684, 27.268991, None
28169323204, 61.687755, 27.273108, None
25673175553, 61.692563, 27.273044, None
21880883390, 61.699171, 27.173116, 2015:09:12 18:06:17
20706385488, 61.680421, 27.259529, None
20705190819, 61.680421, 27.259529, None
20270187843, 61.680421, 27.259529, None
20864885126, 61.680421, 27.259529, None
20703027660, 61.680421, 27.259529, None
20702955650, 61.680421, 27.259529, None
20664475159, 61.674277, 27.274188, 2015:08:23 14:30:29
20824884106, 61.673497, 27.275244, 2015:08:23 14:25:46
20663176938, 61.673294, 27.274419, 2015:08:23 14:30:35
20229791323, 61.673547, 27.274538, 2015:08:23 14:37:44
20857479061, 61.673550, 27.274522, 2015:08:23 14:37:29
20662327778, 61.675052, 27.275513, 2015:08:23 14:37:13
20661967260, 61.673424, 27.274661, 2015:08:23 13:50:32
20228410003, 61.673411, 27.274313, 2015:08:23 14:25:51
20661392208, 61.673874, 27.274388, 2015:08:23 14:26:52
20834873522, 61.674294, 27.274169, 2015:08:23 14:05:50
20223451113, 61.673569, 27.274611, 2015:08:23 14:00:11
20656387210, 61.673680, 27.274344, 2015:08:23 13:59:55
15699865277, 61.691463, 27.268613, 2014:08:01 15:44:34
15699862317, 61.691463, 27.268613, 2014:08:01 15:20:42
35256904203, 61.691686, 27.268786, 2017:07:21 12:03:12
35225384664, 61.690869, 27.268672, 2017:07:21 11:59:04
36065160135, 61.691686, 27.268786, 2017:07:21 12:28:41
36065153125, 61.691686, 27.268786, 2017:07:21 12:28:31
35225313064, 61.691686, 27.268786, 2017:07:21 12:18:42
36062996605, 61.691686, 27.268786, 2017:07:21 12:03:38
36062987545, 61.690877, 27.268652, 2017:07:21 11:59:14
36022017976, 61.691475, 27.268841, 2017:07:21 12:00:38
35795042552, 61.686371, 27.288107, 2017:07:13 18:13:25
35662263805, 61.689266, 27.270058, 2017:07:01 09:18:24
35593527626, 61.687602, 27.272994, 2017:06:30 17:26:34
34791642394, 61.687411, 27.273363, 2017:06:30 17:28:32
35464803602, 61.687486, 27.272872, 2017:06:30 17:27:36
35593527516, 61.687466, 27.272908, 2017:06:30 17:27:18
35593527406, 61.689266, 27.266644, 2017:06:30 16:33:45
35464803382, 61.689463, 27.266266, 2017:06:30 16:37:36
35593527076, 61.687441, 27.273261, 2017:06:30 17:28:11
35632585815, 61.687466, 27.272908, 2017:06:30 17:27:13
34791570104, 61.687549, 27.273036, 2017:06:30 17:26:43
35244866990, 61.690503, 27.269353, 2017:06:30 18:46:48
35500882011, 61.687369, 27.273666, 2017:06:30 17:29:27
35500881721, 61.687869, 27.272413, 2017:06:30 17:32:56
35591942736, 61.687355, 27.273597, 2017:06:30 17:29:18
35591938746, 61.687522, 27.272580, 2017:06:30 17:31:00
34790033124, 61.687574, 27.273358, 2017:06:30 17:30:00
35463261392, 61.687327, 27.273641, 2017:06:30 17:29:09
35244484880, 61.687533, 27.272461, 2017:06:30 17:30:51
35631048645, 61.687400, 27.273411, 2017:06:30 17:28:50
35244481380, 61.687411, 27.273369, 2017:06:30 17:28:37
34790021414, 61.687411, 27.273363, 2017:06:30 17:28:42
35591757246, 61.689258, 27.266641, 2017:06:30 16:33:29
35244285550, 61.689175, 27.268597, 2017:06:30 16:31:22
35329520435, 61.691737, 27.245160, 2017:06:10 14:00:34
35162630262, 61.691065, 27.244580, 2017:06:10 14:03:20
34519173353, 61.692134, 27.272583, 2017:06:10 14:59:05
34580082142, 61.667120, 27.201054, None
33924986325, 61.688137, 27.278054, 2017:03:24 12:22:30
29557686045, 61.690045, 27.177386, 2016:09:09 08:15:58
29424752981, 61.687755, 27.273108, None
28779295444, 61.685312, 27.307376, None
28740966434, 61.687755, 27.273108, None
29057197690, 61.687755, 27.273108, None
29244383201, 61.687755, 27.273108, None
29160067102, 61.687755, 27.273108, None
28953533240, 61.687755, 27.273108, None
28951254050, 61.688915, 27.280361, None
29190362436, 61.688915, 27.280361, None
29189786796, 61.688915, 27.280361, None
28787714072, 61.699171, 27.173116, 2015:09:11 19:17:14
28841184536, 61.699171, 27.173116, 2015:09:12 07:19:14
28681879352, 61.687755, 27.273108, None
28172234663, 61.687755, 27.273108, None
28169336784, 61.687755, 27.273108, None
28681876392, 61.687755, 27.273108, None
28502637560, 61.687755, 27.273108, None
28502636130, 61.687755, 27.273108, None
28502633540, 61.687755, 27.273108, None
28502632250, 61.687755, 27.273108, None
28502630740, 61.687755, 27.273108, None
28502628900, 61.687755, 27.273108, None
28172226323, 61.687755, 27.273108, None
28169328114, 61.687755, 27.273108, None
28787134465, 61.687755, 27.273108, None
28681862602, 61.687755, 27.273108, None
28502619550, 61.687755, 27.273108, None
28681861142, 61.687755, 27.273108, None
28169325054, 61.687755, 27.273108, None
28169323874, 61.687755, 27.273108, None
28169322454, 61.687755, 27.273108, None
28172215493, 61.687755, 27.273108, None
28787126375, 61.687755, 27.273108, None
28126790430, 61.691948, 27.267304, 2009:07:30 11:24:34
27366090320, 61.680417, 27.282378, 2016:06:12 19:26:08
27533954981, 61.690319, 27.282764, 2016:05:08 14:47:49
27573087206, 61.689383, 27.281713, 2016:05:08 14:48:30
26914825530, 61.692456, 27.272100, 2016:05:20 08:30:01
25807139304, 61.670500, 27.294666, 2012:08:18 13:01:43
25807134974, 61.680499, 27.285166, 2012:08:18 11:30:00
25807133454, 61.680499, 27.285166, 2012:08:18 11:27:50
26139129540, 61.680333, 27.285166, 2012:08:18 11:25:34
26411961465, 61.680333, 27.285166, 2012:08:18 11:19:51
24761876349, 61.692319, 27.271372, 2016:02:13 15:29:49
24373861894, 61.692500, 27.273055, 2016:02:13 15:40:15
24633978831, 61.687745, 27.281413, 2015:01:30 13:06:43
24701271106, 61.692283, 27.271435, 2015:01:30 12:48:22
23891574814, 61.695148, 27.235933, 2016:01:20 18:57:04
23609999450, 61.685602, 27.246322, 2015:12:20 18:28:17
23686933431, 61.685141, 27.246491, 2015:12:13 14:59:44
23539637025, 61.685176, 27.276928, 2007:02:27 22:17:37
23007100325, 61.690762, 27.252262, 2015:10:29 19:59:16
22431020755, 61.693016, 27.255063, None
21684933682, 61.686213, 27.252455, 2015:09:19 15:46:00
20979287414, 61.686241, 27.252894, 2015:09:19 15:20:23
21602058845, 61.686241, 27.252894, 2015:09:19 15:19:54
21491034555, 61.687404, 27.277239, 2015:09:14 18:19:12
21302972200, 61.686926, 27.276960, 2015:09:14 18:18:02
21479950042, 61.686468, 27.276638, 2015:09:14 18:21:05
21464773336, 61.686468, 27.276638, 2015:09:14 18:21:27
21303186868, 61.686926, 27.276960, 2015:09:14 18:20:00
21240908430, 61.699171, 27.173116, 2015:09:11 19:17:04
20793084013, 61.699171, 27.173116, 2015:09:13 05:55:19
20697669313, 61.691825, 27.291412, None
21292454066, 61.692477, 27.281799, None
20766858490, 61.686069, 27.273536, 2015:08:22 18:50:10
20656440328, 61.673575, 27.274580, 2015:08:23 14:00:09
20657700759, 61.674294, 27.274169, 2015:08:23 14:05:53
20851262631, 61.673519, 27.275063, 2015:08:23 13:51:39
20656012820, 61.673261, 27.275055, 2015:08:23 13:50:23
20653393528, 61.673519, 27.275069, 2015:08:23 13:27:53
20831828332, 61.673519, 27.275063, 2015:08:23 13:51:40
20652922710, 61.673272, 27.274863, 2015:08:23 13:50:21
20652972038, 61.673569, 27.274636, 2015:08:23 13:34:00
20654245869, 61.673575, 27.274708, 2015:08:23 13:48:06
20652878028, 61.673575, 27.274708, 2015:08:23 13:48:05
20831264192, 61.673630, 27.274555, 2015:08:23 13:48:01
20654098879, 61.673611, 27.274611, 2015:08:23 13:48:02
20654098939, 61.673575, 27.274708, 2015:08:23 13:48:03
20653886119, 61.673583, 27.274613, 2015:08:23 13:38:25
20653878479, 61.673666, 27.274430, 2015:08:23 13:47:35
20652549950, 61.673572, 27.274525, 2015:08:23 13:38:38
20219610973, 61.673449, 27.275313, 2015:08:23 13:47:24
20845005611, 61.673008, 27.274933, 2015:08:23 13:19:25
20216687873, 61.673527, 27.275055, 2015:08:23 13:19:24
20811383906, 61.673641, 27.274558, 2015:08:23 12:44:54
20828129222, 61.673547, 27.275008, 2015:08:23 12:45:10
20844792231, 61.673636, 27.274883, 2015:08:23 12:45:12
20827655132, 61.673636, 27.274569, 2015:08:23 12:44:56
20214548354, 61.673641, 27.274563, 2015:08:23 12:44:55
20214547844, 61.686194, 27.250380, 2015:08:23 11:41:59
20647862510, 61.673666, 27.274591, 2015:08:23 12:44:38
20647918248, 61.673624, 27.274558, 2015:08:23 12:44:53
20826376132, 61.673563, 27.274669, 2015:08:23 12:44:50
20647851290, 61.686122, 27.249394, 2015:08:23 12:18:48
20618482300, 61.695816, 27.253969, 2015:08:23 09:11:18
20780211096, 61.695899, 27.254033, 2015:08:23 09:11:04
20797022382, 61.688355, 27.281547, 2015:08:22 21:10:53
20784159422, 61.688624, 27.282377, 2015:08:22 21:12:44
20791732691, 61.685627, 27.249669, 2015:08:22 10:45:54
20163764583, 61.695755, 27.254116, 2015:08:22 08:03:07
20163748283, 61.684033, 27.247580, 2015:08:21 21:06:58
20784708235, 61.695666, 27.254350, 2015:08:22 08:46:09
20596711790, 61.686261, 27.249833, 2015:08:21 21:07:15
20163709683, 61.695738, 27.253758, 2015:08:22 07:47:59
20758403786, 61.695713, 27.253872, 2015:08:22 08:01:31
20596661728, 61.695738, 27.254116, 2015:08:22 08:03:10
20596650938, 61.695872, 27.253969, 2015:08:22 08:01:57
20596644810, 61.695941, 27.253894, 2015:08:22 08:01:36
20596639518, 61.695733, 27.254227, 2015:08:22 08:02:21
20791622961, 61.695950, 27.253894, 2015:08:22 08:01:41
20596634840, 61.684036, 27.247305, 2015:08:21 21:07:12
20764924621, 61.677186, 27.260588, 2015:08:20 17:21:46
20538070471, 61.682580, 27.237450, 2015:08:12 20:50:15
20531681955, 61.682580, 27.237450, 2015:08:12 20:50:31
20343631748, 61.682580, 27.237450, 2015:08:12 20:50:45
20343578240, 61.682680, 27.237313, 2015:08:12 20:48:37
20343617478, 61.682680, 27.237313, 2015:08:12 20:48:54
19908989374, 61.682680, 27.237313, 2015:08:12 20:49:04
20522742402, 61.682680, 27.237313, 2015:08:12 20:49:16
19908975764, 61.682680, 27.237313, 2015:08:12 20:49:28
20343544320, 61.682680, 27.237313, 2015:08:12 20:49:42
20538011611, 61.682680, 27.237313, 2015:08:12 20:49:56
20187263661, 61.677101, 27.195627, None
19993683599, 61.677101, 27.195627, None
19992549989, 61.677101, 27.195627, None
19990726058, 61.677101, 27.195627, None
19982714299, 61.688062, 27.273063, None
19837905769, 61.687643, 27.258045, 2015:07:25 14:14:32
19401251133, 61.680361, 27.283355, 2015:06:21 13:01:56
19995957986, 61.680386, 27.283688, 2015:06:21 11:56:58
19401242803, 61.680386, 27.283697, 2015:06:21 11:56:34
19155551244, 61.689262, 27.276634, None
19659332716, 61.686233, 27.252738, 2015:07:13 18:03:28
19519166862, 61.689872, 27.246093, None
18806349054, 61.695024, 27.279313, None
19400528346, 61.688958, 27.267105, None
19080338850, 61.704219, 27.252941, 2015:06:12 18:59:18
19081758179, 61.700547, 27.234183, 2015:06:12 19:33:58
19267861615, 61.695105, 27.247080, 2015:06:12 20:09:45
19241770466, 61.695502, 27.254325, 2015:06:13 11:02:41
18227882684, 61.697747, 27.255438, 2015:06:12 18:40:04
18779406401, 61.687561, 27.281750, 2015:06:13 11:55:31
18589147950, 61.689052, 27.268058, 2015:06:13 13:00:02
18154251474, 61.686169, 27.261608, 2015:06:13 13:22:04
18590690299, 61.690552, 27.252541, 2015:06:13 16:57:08
18750539286, 61.690425, 27.250116, 2015:06:13 16:59:49
18589039418, 61.692213, 27.261750, 2015:06:13 17:02:48
18156152423, 61.691611, 27.241744, 2015:06:13 17:24:37
18771855332, 61.692494, 27.238886, 2015:06:13 17:28:55
18144955584, 61.688052, 27.266500, 2015:06:13 13:33:20
18719672656, 61.703605, 27.253391, 2015:06:12 18:57:52
18741054462, 61.701130, 27.255208, 2015:06:12 18:52:38
18558240130, 61.700383, 27.254852, 2015:06:12 18:51:25
18559760819, 61.699774, 27.254675, 2015:06:12 18:50:17
18559757849, 61.699511, 27.251775, 2015:06:12 18:47:00
18123311054, 61.699700, 27.251647, 2015:06:12 18:46:17
18559748039, 61.696827, 27.254269, 2015:06:12 18:36:43
18559741379, 61.698127, 27.254650, 2015:06:12 18:41:21
18123297024, 61.698105, 27.255041, 2015:06:12 18:40:49
18719624246, 61.697758, 27.255552, 2015:06:12 18:39:50
18719623876, 61.696533, 27.253672, 2015:06:12 18:35:51
18125216913, 61.699558, 27.228091, 2015:06:12 19:43:21
18740962322, 61.700311, 27.246030, 2015:06:12 19:22:12
18740921912, 61.704341, 27.252783, 2015:06:12 19:00:50
17228926713, 61.697072, 27.254888, 2015:05:17 12:13:30
17662979549, 61.697102, 27.254800, 2015:05:17 12:27:40
16342703444, 61.697436, 27.301347, 2015:03:29 00:14:20
16746234858, 61.690799, 27.273861, 2015:03:07 21:37:43
16311493864, 61.690799, 27.273861, 2015:03:07 21:37:24
15966136268, 61.685086, 27.296472, 2014:12:31 08:17:56
15945280251, 61.692080, 27.191548, 2014:12:04 15:36:59
15756845040, 61.687161, 27.277011, 2014:11:28 18:21:34
15758385217, 61.687266, 27.277038, 2014:11:28 18:20:28
15699573849, 61.691463, 27.268613, 2014:08:01 15:24:10
15859790186, 61.691463, 27.268613, 2014:08:01 15:17:27
15698087438, 61.691463, 27.268613, 2014:08:01 15:26:39
37557027172, 61.504080, 23.757244, 2017:10:07 13:53:33
37556993412, 61.500827, 23.762666, 2017:10:08 13:59:37
37330623420, 61.496150, 23.781311, 2017:10:08 12:11:17
36878268584, 61.497000, 23.774780, 2017:10:07 18:44:55
36917640883, 61.499666, 23.764372, 2017:10:08 13:52:07
37316735520, 61.503372, 23.759555, 2017:10:08 14:50:19
37477901122, 61.497751, 23.733644, 2017:10:04 18:37:48
37477899772, 61.497751, 23.733644, 2017:10:04 18:38:44
23656696748, 61.497751, 23.733644, 2017:10:04 18:42:49
23656695628, 61.497751, 23.733644, 2017:10:04 18:48:28
23656694178, 61.497751, 23.733644, 2017:10:04 18:49:54
37477895782, 61.497751, 23.733644, 2017:10:04 18:55:12
37477894682, 61.497751, 23.733644, 2017:10:04 18:59:11
37508997381, 61.497751, 23.733644, 2017:10:04 18:59:13
23656689858, 61.497751, 23.733644, 2017:10:04 19:00:19
37508992761, 61.497751, 23.733644, 2017:10:04 19:02:57
37508990691, 61.497751, 23.733644, 2017:10:04 19:06:51
23656687488, 61.497751, 23.733644, 2017:10:04 19:43:56
23656686688, 61.497751, 23.733644, 2017:10:04 19:47:33
23656685728, 61.497751, 23.733644, 2017:10:04 19:49:56
23656685088, 61.497751, 23.733644, 2017:10:04 20:02:53
23656684358, 61.497751, 23.733644, 2017:10:04 20:09:03
23656683648, 61.497751, 23.733644, 2017:10:04 20:10:09
23656682888, 61.497751, 23.733644, 2017:10:04 20:13:07
23656681908, 61.497751, 23.733644, 2017:10:04 20:21:46
37237412450, 61.490936, 23.746891, 2006:02:11 17:02:48
37399327956, 61.501991, 23.710974, 2017:09:30 12:10:30
23594993128, 61.500319, 23.713080, 2017:09:30 12:08:15
23594993248, 61.499961, 23.713491, 2017:09:30 12:07:19
37446843441, 61.506091, 23.693547, 2017:09:30 12:34:43
37189707460, 61.495530, 23.727141, 2017:10:01 12:35:14
36737558824, 61.500886, 23.761208, 2017:09:30 14:54:13
23594992508, 61.494952, 23.726513, 2017:10:01 12:36:20
37416034562, 61.495388, 23.726474, 2017:10:01 12:40:38
36776759303, 61.496330, 23.732152, 2017:10:01 12:20:13
23594992268, 61.499583, 23.763383, 2017:09:30 15:00:15
23594992328, 61.495002, 23.726491, 2017:10:01 12:36:22
23594992028, 61.501247, 23.763494, 2017:09:30 14:57:56
37446842921, 61.504058, 23.696855, 2017:09:30 12:23:54
37446842961, 61.496333, 23.731724, 2017:10:01 12:14:39
36737557674, 61.495391, 23.726366, 2017:10:01 12:40:41
37189706510, 61.498019, 23.756497, 2017:09:30 14:46:53
23594991468, 61.496288, 23.732055, 2017:10:01 12:15:42
36776758593, 61.502813, 23.762427, 2017:09:30 17:22:39
37446842111, 61.508355, 23.673808, 2017:09:30 18:22:17
37446841701, 61.505091, 23.694530, 2017:09:30 12:33:24
37189705440, 61.503605, 23.696666, 2017:09:30 12:27:32
36737555434, 61.498905, 23.759302, 2017:09:30 14:50:42
37416032982, 61.496144, 23.732172, 2017:10:01 12:31:14
37416033102, 61.501208, 23.715319, 2017:10:01 10:59:09
36776757913, 61.498975, 23.716355, 2017:09:30 10:56:34
23594990378, 61.498327, 23.759322, 2017:09:30 14:48:40
23594989868, 61.503252, 23.696644, 2017:09:30 12:25:39
23594989948, 61.494622, 23.722605, 2017:10:01 12:48:28
37381906346, 61.500428, 23.762387, None
36701101584, 61.498180, 23.762055, 2017:09:30 16:48:49
36740140583, 61.498180, 23.762055, 2017:09:30 16:48:40
36710145743, 61.503669, 23.732292, 2017:09:18 13:54:45
36669407294, 61.516461, 23.686383, 2017:09:16 19:21:48
36708528273, 61.516527, 23.686233, 2017:09:16 19:19:59
36666666343, 61.497580, 23.751958, 2017:09:06 16:06:26
23484577518, 61.497580, 23.751958, 2017:09:06 16:06:50
23484574998, 61.497580, 23.751958, 2017:09:06 16:06:55
23484572548, 61.497580, 23.751958, 2017:09:06 16:07:01
37306191782, 61.497319, 23.750821, 2017:09:06 16:07:18
37306189692, 61.497319, 23.750821, 2017:09:06 16:07:57
37079747830, 61.497319, 23.750821, 2017:09:06 16:08:05
37079745760, 61.497319, 23.750821, 2017:09:06 16:08:18
37288845876, 61.497319, 23.750821, 2017:09:06 16:08:23
23484560028, 61.497324, 23.750864, 2017:09:06 16:08:32
23484557068, 61.497324, 23.750864, 2017:09:06 16:08:37
36626586644, 61.497324, 23.750864, 2017:09:06 16:08:51
36626584834, 61.497324, 23.750864, 2017:09:06 16:08:55
37079736350, 61.497324, 23.750864, 2017:09:06 16:09:03
37079734870, 61.497324, 23.750864, 2017:09:06 16:09:13
36666641973, 61.497324, 23.750864, 2017:09:06 16:09:23
23484535918, 61.497324, 23.750864, 2017:09:06 16:09:38
37335934171, 61.497324, 23.750864, 2017:09:06 16:09:46
37306154552, 61.497324, 23.750864, 2017:09:06 16:10:24
37306150782, 61.497324, 23.750864, 2017:09:06 16:10:28
36626565134, 61.497324, 23.750864, 2017:09:06 16:10:38
37306146552, 61.497324, 23.750864, 2017:09:06 16:10:51
37288818946, 61.497324, 23.750864, 2017:09:06 16:11:07
37288815916, 61.497324, 23.750864, 2017:09:06 16:11:14
37079718060, 61.497324, 23.750864, 2017:09:06 16:11:25
36626554504, 61.497324, 23.750864, 2017:09:06 16:11:33
36626552174, 61.497324, 23.750864, 2017:09:06 16:11:49
36626549714, 61.497324, 23.750864, 2017:09:06 16:11:55
36626547314, 61.497324, 23.750864, 2017:09:06 16:12:00
36626545414, 61.497324, 23.750864, 2017:09:06 16:12:05
36626543914, 61.497324, 23.750864, 2017:09:06 16:12:11
37079703290, 61.497324, 23.750864, 2017:09:06 16:12:18
37079701770, 61.497324, 23.750864, 2017:09:06 16:12:44
37288781296, 61.497324, 23.750864, 2017:09:06 16:13:09
37288775966, 61.497324, 23.750864, 2017:09:06 16:13:55
37288772706, 61.497324, 23.750864, 2017:09:06 16:14:04
37288769626, 61.497324, 23.750864, 2017:09:06 16:14:19
37288765676, 61.497324, 23.750864, 2017:09:06 16:14:25
37288761016, 61.497324, 23.750864, 2017:09:06 16:14:44
37335897591, 61.497324, 23.750864, 2017:09:06 16:15:03
37335894861, 61.497324, 23.750864, 2017:09:06 16:15:13
37079689120, 61.497324, 23.750864, 2017:09:06 16:15:20
37335889301, 61.497324, 23.750864, 2017:09:06 16:15:39
23484484428, 61.497324, 23.750864, 2017:09:06 16:15:53
36626523224, 61.497324, 23.750864, 2017:09:06 16:16:00
36626521704, 61.497324, 23.750864, 2017:09:06 16:16:24
37306090792, 61.497324, 23.750864, 2017:09:06 16:16:58
37079679720, 61.497324, 23.750864, 2017:09:06 16:17:17
37079678120, 61.497324, 23.750864, 2017:09:06 16:17:27
37335860431, 61.497319, 23.750821, 2017:09:06 16:17:34
37335857501, 61.497319, 23.750821, 2017:09:06 16:18:02
36666582863, 61.497319, 23.750821, 2017:09:06 16:18:26
36666581343, 61.497319, 23.750821, 2017:09:06 16:18:45
23484457498, 61.497319, 23.750821, 2017:09:06 16:18:49
37335842601, 61.497319, 23.750821, 2017:09:06 16:19:06
37335838471, 61.497319, 23.750821, 2017:09:06 16:19:11
37306061842, 61.497319, 23.750821, 2017:09:06 16:19:42
37079667000, 61.497319, 23.750821, 2017:09:06 16:19:47
37335831831, 61.497580, 23.751958, 2017:09:06 16:20:39
36659381493, 61.497131, 23.752505, 2017:09:26 12:13:49
37298787052, 61.497172, 23.753020, 2017:09:26 12:12:49
36659375083, 61.497172, 23.753020, 2017:09:26 12:12:19
36619409454, 61.497290, 23.754479, 2017:09:26 12:11:59
37262877801, 61.512021, 23.807651, None
37348536375, 61.497846, 23.776817, 2017:09:06 15:09:27
37348534655, 61.497846, 23.776817, 2017:09:06 15:09:31
37205140361, 61.497846, 23.776817, 2017:09:06 15:11:23
37348500185, 61.497954, 23.763524, 2017:09:06 15:23:47
36535754733, 61.497954, 23.763524, 2017:09:06 15:23:54
36535753643, 61.497954, 23.763524, 2017:09:06 15:25:12
36535752723, 61.497954, 23.763524, 2017:09:06 15:25:21
36535751773, 61.497954, 23.763524, 2017:09:06 15:25:36
37157617796, 61.497954, 23.763524, 2017:09:06 15:25:41
37157612826, 61.497954, 23.763524, 2017:09:06 15:26:03
37157610206, 61.497954, 23.763524, 2017:09:06 15:26:10
37348480005, 61.497954, 23.763524, 2017:09:06 15:26:14
37205079781, 61.497954, 23.763524, 2017:09:06 15:26:21
37205076591, 61.497954, 23.763524, 2017:09:06 15:26:27
37175542582, 61.497954, 23.763524, 2017:09:06 15:26:33
37175540562, 61.497954, 23.763524, 2017:09:06 15:27:58
37175538972, 61.497954, 23.763524, 2017:09:06 15:28:02
37175535252, 61.497954, 23.763524, 2017:09:06 15:28:13
37205060421, 61.497954, 23.763524, 2017:09:06 15:28:17
37157587346, 61.497954, 23.763524, 2017:09:06 15:28:27
37175526542, 61.497954, 23.763524, 2017:09:06 15:28:32
37175524592, 61.497836, 23.760133, 2017:09:06 15:29:21
36951074650, 61.497836, 23.760133, 2017:09:06 15:29:28
36951072880, 61.497836, 23.760133, 2017:09:06 15:37:57
37157577036, 61.497836, 23.760133, 2017:09:06 15:38:03
36951069480, 61.497836, 23.760133, 2017:09:06 15:38:07
36951067680, 61.497836, 23.760133, 2017:09:06 15:38:15
36951063510, 61.497836, 23.760133, 2017:09:06 15:38:20
37205032451, 61.497836, 23.760133, 2017:09:06 15:38:41
37205030001, 61.497836, 23.760133, 2017:09:06 15:38:46
37173997102, 61.497500, 23.755833, 2017:09:19 18:39:27
37173993262, 61.497500, 23.756111, 2017:09:19 19:13:58
36534142493, 61.497500, 23.755833, 2017:09:19 19:45:16
37173984872, 61.497500, 23.756111, 2017:09:19 19:49:59
36490554564, 61.500019, 23.708575, 2017:09:14 06:47:36
36427359554, 61.497766, 23.733665, 2017:09:15 20:22:39
37074524296, 61.497766, 23.733665, 2017:09:15 19:03:49
36866844860, 61.497766, 23.733665, 2017:09:15 19:04:44
37074522706, 61.497766, 23.733665, 2017:09:15 19:06:39
36866841950, 61.497766, 23.733665, 2017:09:15 19:08:15
37265207835, 61.497766, 23.733665, 2017:09:15 19:09:21
37074519496, 61.497766, 23.733665, 2017:09:15 19:09:21
36866838420, 61.497766, 23.733665, 2017:09:15 19:21:55
37074516876, 61.497766, 23.733665, 2017:09:15 19:27:24
36427293634, 61.497766, 23.733665, 2017:09:15 19:43:26
36450306653, 61.497766, 23.733665, 2017:09:15 20:04:03
36450305103, 61.497766, 23.733665, 2017:09:15 20:04:50
36427288384, 61.497766, 23.733665, 2017:09:15 20:04:51
36427286914, 61.497766, 23.733665, 2017:09:15 20:05:37
37092624802, 61.497766, 23.733665, 2017:09:15 20:07:29
36427284094, 61.497766, 23.733665, 2017:09:15 20:10:49
37092115752, 61.510608, 23.798725, 2017:09:16 15:46:43
36425404254, 61.504211, 23.730425, 2017:09:12 20:35:41
37257977015, 61.496144, 23.743172, 2014:05:17 13:58:41
37257975125, 61.496144, 23.743172, 2014:05:17 13:45:57
37257973245, 61.496144, 23.743172, 2014:05:17 13:43:50
37085629992, 61.496144, 23.743172, 2014:05:17 13:22:47
36859628870, 61.496144, 23.743172, 2014:05:17 13:17:16
36419742854, 61.496144, 23.743172, 2014:05:17 13:17:13
37115030661, 61.496144, 23.743172, 2014:05:17 13:17:11
37115029341, 61.496144, 23.743172, 2014:05:17 13:17:05
37115028111, 61.496144, 23.743172, 2014:05:17 13:16:49
37257963645, 61.496144, 23.743172, 2014:05:17 12:49:30
36859620490, 61.496144, 23.743172, 2014:05:17 12:44:48
37084804412, 61.503474, 23.729867, 2017:09:12 20:22:25
37018943196, 61.492897, 23.732197, 2017:07:12 13:16:13
37085309141, 61.498974, 23.783662, 2010:11:06 00:00:00
37227893675, 61.498990, 23.783361, 2010:11:06 00:00:00
36764107540, 61.498366, 23.773602, None
37019252161, 61.498327, 23.773583, None
36325384174, 61.498363, 23.773552, None
36764098570, 61.498408, 23.773730, None
37019240351, 61.498408, 23.773730, None
36990251562, 61.498883, 23.776450, None
36305202904, 61.496358, 23.731906, None
36982652981, 61.509360, 23.768330, None
36674500380, 61.499528, 23.744351, 2017:09:06 16:53:46
36236328674, 61.499528, 23.744351, 2017:09:06 16:53:40
36674495400, 61.499528, 23.744351, 2017:09:06 16:53:35
36674493920, 61.499528, 23.744351, 2017:09:06 16:53:28
36900719072, 61.499528, 23.744351, 2017:09:06 16:53:20
36900717912, 61.499528, 23.744351, 2017:09:06 16:53:12
36900715902, 61.499528, 23.744351, 2017:09:06 16:53:06
36900714252, 61.499528, 23.744351, 2017:09:06 16:53:02
36674484900, 61.499528, 23.744351, 2017:09:06 16:52:53
36674481640, 61.499528, 23.744351, 2017:09:06 16:52:47
36900708852, 61.499528, 23.744351, 2017:09:06 16:52:37
36900706962, 61.499528, 23.744351, 2017:09:06 16:52:33
37071231715, 61.499528, 23.744351, 2017:09:06 16:52:27
37071228645, 61.499528, 23.744351, 2017:09:06 16:52:19
36674467480, 61.499528, 23.744351, 2017:09:06 16:52:12
36674465340, 61.499528, 23.744351, 2017:09:06 16:52:04
36236306114, 61.499528, 23.744351, 2017:09:06 16:51:23
36929711651, 61.499528, 23.744351, 2017:09:06 16:51:15
36900685502, 61.499528, 23.744351, 2017:09:06 16:51:10
36929709591, 61.499528, 23.744351, 2017:09:06 16:50:52
36236298904, 61.499528, 23.744351, 2017:09:06 16:50:48
36882792476, 61.499528, 23.744351, 2017:09:06 16:50:43
36674455190, 61.499528, 23.744351, 2017:09:06 16:50:32
36236293694, 61.499528, 23.744351, 2017:09:06 16:50:26
36929706291, 61.499528, 23.744351, 2017:09:06 16:50:17
36929705421, 61.499528, 23.744351, 2017:09:06 16:50:11
36674449450, 61.499528, 23.744351, 2017:09:06 16:50:06
36900660472, 61.499528, 23.744351, 2017:09:06 16:50:02
36900658642, 61.499528, 23.744351, 2017:09:06 16:49:46
36900657052, 61.499528, 23.744351, 2017:09:06 16:49:41
36236280344, 61.499528, 23.744351, 2017:09:06 16:49:30
36236278754, 61.499528, 23.744351, 2017:09:06 16:49:20
36929699411, 61.499528, 23.744351, 2017:09:06 16:48:54
36236274344, 61.499528, 23.744351, 2017:09:06 16:48:37
36929697051, 61.499528, 23.744351, 2017:09:06 16:48:32
36882773386, 61.499528, 23.744351, 2017:09:06 16:48:25
36236268374, 61.499528, 23.744351, 2017:09:06 16:48:16
36929691971, 61.499528, 23.744351, 2017:09:06 16:48:11
36236264074, 61.499528, 23.744351, 2017:09:06 16:47:52
36236262644, 61.499528, 23.744351, 2017:09:06 16:47:47
36929684151, 61.499528, 23.744351, 2017:09:06 16:47:40
37071198795, 61.499528, 23.744351, 2017:09:06 16:47:33
36929681671, 61.499528, 23.744351, 2017:09:06 16:47:27
36882755916, 61.499528, 23.744351, 2017:09:06 16:47:16
36236256384, 61.499528, 23.744351, 2017:09:06 16:47:08
36882752506, 61.499528, 23.744351, 2017:09:06 16:47:00
37385703102, 61.503444, 23.757601, 2017:08:01 13:10:31
36669406064, 61.516491, 23.686358, 2017:09:16 19:20:45
37122011831, 61.510608, 23.798725, 2017:09:16 15:46:06
36347803593, 61.501002, 23.779686, None
37529439986, 60.995567, 25.650469, 2017:10:07 19:32:44
37340749222, 60.983928, 25.657399, 2017:09:27 13:17:05
37300794106, 60.982336, 25.657758, 2017:09:26 17:50:49
36667579143, 60.997440, 25.649514, 2017:09:25 15:02:40
37321463661, 60.976956, 25.650844, None
36986341960, 60.976173, 25.647819, 2017:09:05 16:06:26
36530165544, 60.988210, 25.644085, 2017:09:15 13:43:24
36819382490, 60.976379, 25.659309, 2017:07:02 13:17:45
36368252102, 60.999331, 25.674290, None
35963837156, 60.983955, 25.665230, 2012:08:10 14:02:34
34863145353, 60.976501, 25.657775, 2017:07:02 14:13:59
35610880596, 60.979134, 25.634011, 2017:07:01 12:25:25
19729032801, 60.987159, 25.633378, 2015:06:28 11:18:40
35282121642, 60.962740, 25.674823, 2017:06:19 01:23:19
35213566035, 60.993122, 25.613122, 2017:06:10 07:29:42
35132709136, 60.978531, 25.630524, None
34883828172, 60.976084, 25.647969, 2017:05:27 14:25:44
33976324944, 60.964063, 25.670886, 2017:05:16 18:33:53
34656389272, 60.964063, 25.670886, 2017:05:16 18:32:35
33301808704, 60.966700, 25.666700, None
33573975020, 60.962740, 25.674823, 2017:04:09 15:28:58
33465596690, 61.007582, 25.648655, 2017:03:31 14:05:29
23485383818, 61.001247, 25.647647, 2017:09:25 12:43:23
36627383094, 60.997440, 25.649514, 2017:09:24 13:16:17
23483009428, 60.977167, 25.648291, 2017:07:02 13:50:29
36625193864, 60.976334, 25.630352, 2017:07:02 13:02:29
36625159264, 60.979249, 25.633528, 2017:07:02 13:08:08
37078185100, 60.977469, 25.636317, 2017:07:02 13:31:31
37304633612, 60.977469, 25.636317, 2017:07:02 13:41:59
37229765942, 61.007946, 25.649267, 2017:07:08 17:47:13
37211521286, 61.007946, 25.649267, 2017:09:02 14:20:26
37211496066, 61.007946, 25.649267, 2017:08:12 19:06:24
36589070333, 60.985650, 25.636639, 2017:05:06 12:40:42
37211464256, 61.007946, 25.649267, 2017:07:08 19:30:57
36589046823, 60.985650, 25.636639, 2017:05:06 11:26:48
37400878655, 60.993861, 25.649589, 2017:05:27 11:36:28
37229618552, 61.007946, 25.649267, 2017:09:02 11:23:49
37211419316, 61.007946, 25.649267, 2017:09:02 13:27:14
37211409536, 61.007946, 25.649267, 2017:08:12 18:40:45
36588979943, 61.007946, 25.649267, 2017:05:13 18:03:14
37400815765, 61.007946, 25.649267, 2017:07:08 17:28:47
37229550792, 61.007946, 25.649267, 2017:08:30 18:09:03
37258380811, 61.007946, 25.649267, 2017:07:08 19:01:00
37229513872, 61.007946, 25.649267, 2017:05:13 19:01:35
37383936285, 60.976173, 25.647819, 2017:08:24 14:42:41
37194555726, 60.976173, 25.647819, 2017:09:05 16:22:15
37212154212, 60.976173, 25.647819, 2017:09:17 13:14:40
37212122852, 60.976173, 25.647819, 2017:08:24 14:23:22
37194479336, 60.976173, 25.647819, 2017:08:24 14:26:10
37383767175, 60.976173, 25.647819, 2017:09:17 13:06:48
37210642902, 60.994573, 25.648977, 2017:06:27 14:26:30
37239912711, 60.989012, 25.642948, 2017:06:16 14:13:35
36984834300, 60.989033, 25.647776, 2017:07:06 14:50:01
36984826990, 60.988210, 25.644085, 2017:07:07 14:59:04
36362445424, 60.989630, 25.628236, 2017:09:10 15:00:30
37009278546, 60.989711, 25.628511, 2017:09:10 14:57:11
36192212434, 60.990575, 25.668408, 2017:09:04 13:44:27
37017788775, 60.993436, 25.647938, 2017:09:04 09:44:37
36757929761, 60.993875, 25.646761, 2017:08:28 08:00:17
36897660085, 60.993875, 25.646761, 2017:08:28 08:00:08
36736656301, 60.981963, 25.658272, 2017:08:28 08:49:37
36009317213, 60.983496, 25.632905, None
35755434933, 60.989569, 25.627952, 2017:06:30 22:55:30
36564739775, 60.989588, 25.628333, 2017:06:29 17:02:53
36234303852, 60.976786, 25.658526, 2017:08:03 16:30:58
36234230692, 60.977432, 25.659127, 2017:08:03 16:27:22
35594415283, 60.977442, 25.659191, 2017:08:03 16:22:01
36401962655, 60.986498, 25.646510, 2017:08:03 15:41:16
36234027132, 60.986092, 25.646424, 2017:08:03 15:40:37
36005284210, 60.983448, 25.653118, 2017:08:03 15:31:54
36401755225, 60.983115, 25.656444, 2017:08:03 15:29:09
35566424064, 60.983167, 25.656380, 2017:08:03 15:25:55
36040712211, 60.991669, 25.647002, 2014:04:21 11:58:54
35781613190, 60.991322, 25.651175, 2014:04:21 12:08:50
35872621211, 60.983294, 25.665872, 2012:08:10 14:22:17
35872621291, 60.983294, 25.665872, 2012:08:10 14:24:15
35872621131, 60.983294, 25.665872, 2012:08:10 14:21:20
35963979886, 60.983294, 25.665872, 2012:08:10 14:19:57
35963979646, 60.983294, 25.665872, 2012:08:10 14:18:23
35963979826, 60.983294, 25.665872, 2012:08:10 14:18:47
35963979556, 60.983294, 25.665872, 2012:08:10 14:17:11
35963979726, 60.983294, 25.665872, 2012:08:10 14:18:31
35963979756, 60.983294, 25.665872, 2012:08:10 14:18:37
36005465175, 60.983294, 25.665872, 2012:08:10 14:16:25
36005465255, 60.983294, 25.665872, 2012:08:10 14:16:51
36005465105, 60.983294, 25.665872, 2012:08:10 14:14:42
36005464945, 60.983294, 25.665872, 2012:08:10 14:14:06
36005465015, 60.983294, 25.665872, 2012:08:10 14:14:12
35165736254, 60.983294, 25.665872, 2012:08:10 14:12:14
35165736284, 60.983294, 25.665872, 2012:08:10 14:12:18
35165736354, 60.983294, 25.665872, 2012:08:10 14:12:56
35165736484, 60.983294, 25.665872, 2012:08:10 14:14:02
35165736424, 60.983294, 25.665872, 2012:08:10 14:13:25
35616388150, 60.983294, 25.665872, 2012:08:10 14:10:27
35616388190, 60.983294, 25.665872, 2012:08:10 14:11:47
35616388120, 60.983294, 25.665872, 2012:08:10 14:08:32
35616388160, 60.983294, 25.665872, 2012:08:10 14:10:39
35834743362, 60.983894, 25.665241, 2012:08:10 14:05:07
35834743332, 60.983872, 25.665244, 2012:08:10 14:04:41
35834743312, 60.983886, 25.665130, 2012:08:10 14:04:06
35834743242, 60.983955, 25.665230, 2012:08:10 14:02:51
35834743212, 60.983955, 25.665230, 2012:08:10 14:02:45
35963837126, 60.984094, 25.665952, 2012:08:10 14:00:24
35963837056, 60.984136, 25.665888, 2012:08:10 14:00:14
35963836906, 60.984236, 25.666197, 2012:08:10 13:59:44
35963836846, 60.984236, 25.666197, 2012:08:10 13:59:34
35963836956, 60.984136, 25.665888, 2012:08:10 13:59:56
35165555444, 60.984236, 25.666197, 2012:08:10 13:58:29
35165555254, 60.984444, 25.665911, 2012:08:10 13:55:45
35165555354, 60.984313, 25.666352, 2012:08:10 13:56:19
35165555224, 60.983486, 25.669605, 2012:08:10 13:54:01
35165555394, 60.984644, 25.664997, 2012:08:10 13:57:47
35165555284, 60.984313, 25.666352, 2012:08:10 13:56:11
35194196253, 60.983255, 25.669777, 2012:08:10 13:19:56
35194196303, 60.983252, 25.670838, 2012:08:10 13:21:08
35194196273, 60.982788, 25.669622, 2012:08:10 13:20:50
35963466636, 60.982788, 25.669622, 2012:08:10 13:20:41
35963466556, 60.983247, 25.670319, 2012:08:10 13:19:03
35963466466, 60.983233, 25.670386, 2012:08:10 13:18:40
35963466496, 60.983247, 25.670319, 2012:08:10 13:18:50
35963466366, 60.983625, 25.669702, 2012:08:10 13:16:13
35963466596, 60.982788, 25.669622, 2012:08:10 13:20:34
35294929882, 60.990583, 25.645415, 2017:05:10 20:53:29
35294921412, 61.005554, 25.636982, 2017:05:10 21:47:55
34919140350, 61.006477, 25.602158, 2017:06:07 12:56:33
34496656433, 60.989566, 25.627991, 2017:06:07 05:44:01
35306464505, 60.989597, 25.627950, 2017:06:07 05:44:30
34919110010, 60.989597, 25.627950, 2017:06:07 05:44:45
34917293740, 61.007569, 25.648930, 2017:03:28 08:48:13
35304606945, 60.989619, 25.628022, 2017:04:24 19:16:05
35178838846, 60.993688, 25.646869, 2017:06:09 19:07:22
35088185671, 60.993566, 25.647186, 2017:06:09 19:06:12
34153312723, 60.964063, 25.670886, 2017:05:16 18:38:10
34963813455, 60.964063, 25.670886, 2017:05:16 18:35:51
34856182336, 60.977120, 25.646520, 2014:06:03 09:47:53
34052832633, 60.962594, 25.675402, 2017:05:16 18:15:12
34052832453, 60.963735, 25.671980, 2017:05:16 18:27:18
34052832303, 60.964063, 25.670886, 2017:05:16 18:30:49
34009746193, 60.962594, 25.675402, 2017:05:16 18:14:11
34656389532, 60.963245, 25.675038, 2017:05:16 18:18:46
34656275132, 60.994450, 25.650975, 2017:05:22 09:17:24
34656270532, 60.994288, 25.648813, 2017:05:22 09:19:47
34819384865, 60.994166, 25.648308, 2017:05:22 09:21:04
33976198414, 60.994116, 25.648355, 2017:05:22 09:21:56
33976184904, 60.993516, 25.647380, 2017:05:22 09:23:12
34431287010, 60.982027, 25.658708, 2017:05:22 09:06:38
34431277380, 60.982027, 25.658708, 2017:05:22 09:06:06
34654711322, 60.982177, 25.657747, 2017:05:22 09:05:25
33974560024, 60.982177, 25.657747, 2017:05:22 09:02:24
34654682842, 60.978505, 25.651841, 2017:05:22 11:06:14
34008023983, 60.993388, 25.646969, 2017:05:22 10:19:04
34008021643, 60.978452, 25.652083, 2017:05:22 11:01:31
34467779882, 60.963224, 25.672366, 2017:05:04 20:41:07
33786823604, 60.963224, 25.672366, 2017:05:04 20:31:14
34590910645, 60.963224, 25.672366, 2017:05:04 20:34:55
34549593236, 60.963224, 25.672366, 2017:05:04 20:40:31
34429027182, 60.963224, 25.672366, 2017:05:04 20:34:10
34492096875, 60.990583, 25.645415, 2017:05:06 04:41:08
33682227013, 60.988023, 25.645608, 2017:05:06 04:59:56
33682198393, 60.977573, 25.656766, 2017:05:06 05:50:57
33663152603, 61.008295, 25.650331, None
34431365916, 60.994539, 25.648281, None
34312341222, 61.008295, 25.650331, None
33629907784, 60.994970, 25.651688, None
34472114185, 60.993480, 25.647140, None
34472083215, 60.983951, 25.626739, None
34020131140, 60.962740, 25.674823, 2017:04:28 19:25:34
33331464404, 60.963355, 25.671540, 2017:04:18 20:33:45
33789213770, 60.963355, 25.671540, 2017:04:18 20:34:51
33282161573, 60.962740, 25.674823, 2017:04:09 15:37:39
33708977770, 60.962740, 25.674823, 2017:04:09 15:37:57
33172879054, 60.962740, 25.674823, 2017:04:09 15:32:01
33180364273, 60.962740, 25.674823, 2017:04:09 15:34:00
33180364053, 60.962740, 25.674823, 2017:04:09 15:33:44
33978641595, 60.962740, 25.674823, 2017:04:09 15:37:58
33978641485, 60.962740, 25.674823, 2017:04:09 15:37:07
33115592014, 60.962740, 25.674823, 2017:04:09 15:38:02
33950946445, 60.994360, 25.646005, 2017:04:07 17:08:58
33820907711, 60.994235, 25.646595, 2017:04:07 17:10:39
33125951733, 60.994360, 25.646005, 2017:04:07 17:10:02
33125951893, 60.994360, 25.646005, 2017:04:07 17:08:57
33125951773, 60.994360, 25.646005, 2017:04:07 17:08:58
33524861180, 60.995765, 25.615611, 2016:09:02 23:29:20
33066577774, 60.995765, 25.615611, 2016:09:03 00:38:38
33066563794, 60.995765, 25.615611, 2016:09:03 01:11:20
33097079423, 60.995765, 25.615611, 2015:10:08 21:00:10
33780249001, 60.995765, 25.615611, 2016:03:15 22:07:42
33097066323, 60.995765, 25.615611, 2017:03:27 22:41:52
33524734740, 60.995765, 25.615611, 2016:08:31 01:38:27
33066359634, 60.994360, 25.646005, 2017:04:07 17:06:52
33868833726, 60.994360, 25.646005, 2017:04:07 17:06:51
33066359014, 60.994360, 25.646005, 2017:04:07 17:08:46
33519789840, 61.004774, 25.652958, 2016:08:10 10:36:55
33053231024, 60.994360, 25.646005, 2017:04:07 16:59:35
33053230794, 60.994360, 25.646005, 2017:04:07 17:06:28
33083470423, 60.994360, 25.646005, 2017:04:07 17:06:03
33766968291, 60.954402, 25.705529, 2011:09:11 14:20:54
33511395410, 60.956542, 25.704381, 2015:08:09 16:29:55
33766926371, 60.956542, 25.704381, 2015:08:09 13:14:55
33511315680, 60.994110, 25.647733, 2015:08:07 15:01:18
33511261680, 60.954402, 25.705529, 2011:09:11 13:05:00
33766847071, 60.956542, 25.704381, 2015:08:09 16:27:36
33766819351, 60.994110, 25.647733, 2015:08:07 14:23:36
33511228830, 60.954402, 25.705529, 2010:06:06 14:03:15
33052596674, 60.954402, 25.705529, 2010:03:21 15:21:58
33895992705, 60.994110, 25.647733, 2014:08:09 15:29:41
33759206451, 60.956016, 25.701119, 2010:07:24 17:05:45
33888801885, 61.008559, 25.650351, 2016:03:20 12:41:12
33717469542, 60.994938, 25.614860, 2016:09:20 22:48:27
33744629591, 60.993205, 25.613207, 2017:01:27 21:19:21
33489381880, 60.995635, 25.648838, 2016:12:16 21:25:57
33489357480, 60.995765, 25.615611, 2016:08:13 00:35:09
33489345920, 60.978307, 25.647604, 2016:10:27 22:19:42
33744561851, 60.995765, 25.615611, 2016:04:16 22:44:19
33832959306, 60.980092, 25.643999, 2016:12:16 20:51:08
33475946170, 60.978307, 25.647604, 2016:10:09 13:43:47
33730943191, 61.007868, 25.648473, 2016:07:10 16:31:32
33818404106, 60.962740, 25.674823, 2017:04:05 14:34:44
33703111802, 60.962740, 25.674823, 2017:04:05 14:21:13
33015788804, 61.002038, 25.649836, 2017:04:05 17:40:02
33729943361, 61.005554, 25.636982, 2017:04:05 17:24:29
33702940702, 60.992321, 25.663955, 2017:04:05 18:32:07
33043551253, 61.007946, 25.649267, 2016:06:29 19:11:22
33815849566, 60.994110, 25.647733, 2016:07:15 18:05:57
33009959364, 60.984682, 25.637519, 2014:05:03 13:40:30
33009197694, 61.007946, 25.649267, 2016:09:03 11:16:43
33009179584, 61.007946, 25.649267, 2016:09:10 12:35:40
33852546935, 61.007946, 25.649267, 2016:09:03 12:22:09
33468090320, 60.984682, 25.637519, 2016:05:08 12:38:40
33694832742, 61.007582, 25.648655, 2017:01:06 12:57:02
33809592656, 60.987784, 25.645802, 2017:03:05 13:45:06
33809587606, 60.987784, 25.645802, 2017:02:27 12:46:43
33014235183, 60.997047, 25.654322, 2016:12:25 19:35:12
33014232863, 60.997016, 25.654477, 2016:12:25 23:14:42
33014217863, 60.997047, 25.654322, 2016:12:24 17:49:00
33014211963, 60.997047, 25.654322, 2016:12:25 17:26:23
33014210483, 60.997047, 25.654322, 2016:12:25 17:26:32
33786488636, 60.997047, 25.654322, 2016:12:25 19:34:56
33779195056, 60.994125, 25.646813, 2017:04:03 12:04:32
33820138565, 60.993716, 25.647241, 2017:04:03 12:05:17
33663644492, 60.994125, 25.646825, 2017:04:03 12:04:25
33723938655, 60.962740, 25.674823, 2017:03:29 20:59:57
33723938485, 60.962740, 25.674823, 2017:03:29 20:54:27
32786741264, 60.979195, 25.684779, None
32786623174, 60.979195, 25.684779, None
33245344470, 60.979195, 25.684779, None
32815053373, 60.979195, 25.684779, None
33499550951, 60.979195, 25.684779, None
33245110420, 60.979195, 25.684779, None
33499324471, 60.979195, 25.684779, None
36900105884, 60.166877, 24.959757, None
36900103844, 60.166877, 24.959757, None
36900101084, 60.166877, 24.959757, None
36900099394, 60.166877, 24.959757, None
36900097894, 60.166877, 24.959757, None
36900096214, 60.166877, 24.959757, None
37351973510, 60.166877, 24.959757, None
37351972230, 60.166877, 24.959757, None
37351970750, 60.166877, 24.959757, None
37351968940, 60.166877, 24.959757, None
36900088634, 60.166877, 24.959757, None
36900087434, 60.166877, 24.959757, None
36900085564, 60.166877, 24.959757, None
37351963190, 60.166877, 24.959757, None
37351961900, 60.166877, 24.959757, None
23757857528, 60.166877, 24.959757, None
23757856218, 60.166877, 24.959757, None
23757854748, 60.166877, 24.959757, None
37610553891, 60.166877, 24.959757, None
37610551711, 60.166877, 24.959757, None
23757848858, 60.166877, 24.959757, None
23757846448, 60.166877, 24.959757, None
37610545951, 60.166877, 24.959757, None
23757841058, 60.166877, 24.959757, None
23757837608, 60.166877, 24.959757, None
36940074173, 60.166877, 24.959757, None
36940072633, 60.166877, 24.959757, None
36940070733, 60.166877, 24.959757, None
36940069253, 60.166877, 24.959757, None
36940068143, 60.166877, 24.959757, None
36940067043, 60.166877, 24.959757, None
36900066864, 60.166877, 24.959757, None
36940063043, 60.166877, 24.959757, None
23757824598, 60.166877, 24.959757, None
36900061564, 60.166877, 24.959757, None
23757821898, 60.166877, 24.959757, None
36900057394, 60.166877, 24.959757, None
23757819498, 60.166877, 24.959757, None
36900053794, 60.166877, 24.959757, None
23757817048, 60.166877, 24.959757, None
36900049544, 60.166877, 24.959757, None
36897859044, 60.179471, 24.950519, None
37569615822, 60.176125, 24.960869, 2017:09:11 11:18:29
37569587172, 60.173108, 24.925305, 2017:09:11 09:31:52
37569585732, 60.173108, 24.925438, 2017:09:11 09:30:10
37569583832, 60.173222, 24.925436, 2017:09:11 09:30:06
23748879848, 60.170263, 24.928861, 2017:09:11 06:30:17
23748877928, 60.171350, 24.944733, 2017:09:11 05:27:30
23748875838, 60.169355, 24.952105, 2017:09:11 04:39:47
37569126272, 60.167722, 24.953947, 2017:09:11 05:04:16
37601349991, 60.155175, 24.934672, 2017:09:11 04:25:57
37549067366, 60.184267, 24.920403, None
37597788101, 60.163394, 24.968974, 2017:10:09 08:55:54
37548937676, 60.163333, 24.968888, 2017:10:09 08:14:44
37548898616, 60.163366, 24.968758, 2017:10:09 07:33:21
36927540883, 60.163151, 24.938632, None
36927540853, 60.183749, 24.922560, None
23744867268, 60.163386, 24.969013, 2017:10:09 08:09:15
30758924990, 60.175386, 24.947069, 2016:05:23 07:43:32
37539607406, 60.183272, 24.953422, 2017:10:04 08:30:13
37539592396, 60.169316, 24.929738, 2017:10:05 08:49:59
23735641128, 60.191308, 24.924908, 2017:10:06 08:21:31
23735618148, 60.166824, 24.939863, 2017:10:08 11:24:02
23735617678, 60.166824, 24.939863, 2017:10:08 11:24:05
37555008552, 60.167222, 24.937222, 2017:08:17 21:09:15
37538228796, 60.166944, 24.938333, 2017:08:17 19:24:34
23733672518, 60.163391, 24.968741, 2017:10:09 07:32:50
36916221703, 60.163861, 24.968463, 2017:10:09 07:10:35
37552937992, 60.160166, 24.944097, 2017:10:09 06:00:13
37552937812, 60.182222, 24.926111, None
37552936612, 60.160166, 24.944097, None
37584945391, 60.160166, 24.944097, 2017:10:08 18:37:12
37552934012, 60.160166, 24.944097, 2017:10:08 18:37:12
36874326534, 60.160166, 24.944097, 2017:10:08 18:36:52
23732338118, 60.160477, 24.940983, 2017:10:08 18:18:57
23732336738, 60.159974, 24.941450, 2017:10:08 18:14:20
37552927222, 60.159974, 24.941450, 2017:10:08 18:13:57
36914956383, 60.159974, 24.941450, 2017:10:08 18:12:49
36914954273, 60.159930, 24.945861, 2017:10:08 16:27:15
23732332548, 60.161036, 24.946644, 2017:10:08 16:24:23
36874315154, 60.161036, 24.946644, 2017:10:08 16:24:32
37326387960, 60.161036, 24.946644, 2017:10:08 16:24:19
23723397958, 60.173356, 24.933750, 2017:07:29 15:00:01
37524577996, 60.194580, 24.941400, 2017:10:08 16:50:48
37533773442, 60.182336, 24.926663, 2017:10:08 11:15:22
37307070990, 60.182336, 24.926663, 2017:10:08 11:15:18
37565651281, 60.182405, 24.926325, 2017:10:08 11:08:03
37517452206, 60.182405, 24.926325, 2017:10:08 11:07:53
37533694112, 60.182405, 24.926325, 2017:10:08 11:07:56
37565494531, 60.165366, 24.944175, 2017:10:08 10:52:59
37565493861, 60.165283, 24.943677, 2017:10:08 10:52:59
23713173778, 60.165366, 24.944175, 2017:10:08 10:52:55
23713069708, 60.160952, 24.947658, 2017:10:08 10:45:35
37565340291, 60.161116, 24.947602, 2017:10:08 10:43:03
37533399882, 60.161116, 24.947602, 2017:10:08 10:43:15
37516183676, 60.160166, 24.944097, 2017:10:08 09:18:50
37532080772, 60.160166, 24.944097, 2017:10:08 08:45:12
37304960480, 60.161024, 24.915080, 2014:10:08 13:30:26
37511779036, 60.159394, 24.945658, 2017:10:07 18:43:08
37528038682, 60.159538, 24.945538, 2017:10:07 18:42:01
37528036802, 60.159383, 24.945627, 2017:10:07 18:38:38
37528034152, 60.159416, 24.945313, 2017:10:07 18:32:20
37301301840, 60.159438, 24.945272, 2017:10:07 18:29:09
37528030812, 60.159300, 24.942519, 2017:10:07 17:46:26
37510532556, 60.182108, 24.913422, 2015:07:14 10:28:09
36888492243, 60.167541, 24.956002, 2017:10:07 14:13:00
37508849176, 60.170394, 24.952129, 2017:08:12 10:26:33
37520599232, 60.156433, 24.920855, 2017:07:16 18:00:40
23698965008, 60.156137, 24.921069, 2012:08:16 18:42:30
37502445806, 60.170394, 24.952129, 2017:08:12 10:20:08
37291925640, 60.170394, 24.952129, 2017:08:12 10:09:46
23690822538, 60.189444, 24.920000, 2017:08:18 13:51:11
23690813638, 60.178611, 24.947777, 2017:08:18 13:11:18
23690805328, 60.178611, 24.947777, 2017:08:18 13:11:05
36833202624, 60.178611, 24.947777, 2017:08:18 12:14:17
37284269940, 60.169818, 24.954647, 2013:09:28 04:56:02
37511359722, 60.170485, 24.954400, 2013:09:28 05:17:39
36869473203, 60.169738, 24.941797, 2017:09:11 17:20:09
23681014258, 60.167432, 24.952740, 2017:10:06 16:05:50
37268552520, 60.171672, 24.943908, 2015:07:14 11:29:52
23673884178, 60.162101, 24.915093, 2003:10:06 14:32:22
37517915021, 60.170412, 24.937763, 2017:05:13 05:40:09
37469542066, 60.171936, 24.961838, 2010:11:07 00:00:00
36806998744, 60.170713, 24.931583, 2017:10:05 17:31:06
23664276158, 60.176011, 24.911066, 2017:10:05 15:21:48
37485102702, 60.176011, 24.911066, 2017:10:05 15:23:39
37485101662, 60.176011, 24.911066, 2017:10:05 15:24:53
37485100382, 60.176011, 24.911066, 2017:10:05 15:31:58
36806130544, 60.176011, 24.911066, 2017:10:05 15:32:52
37512027601, 60.168830, 24.941263, 2017:07:05 13:13:51
37253670820, 60.168786, 24.941227, 2017:07:05 13:13:46
37463859056, 60.168841, 24.941366, 2017:07:05 13:12:52
37253659150, 60.168902, 24.941638, 2017:07:05 13:12:09
37253654380, 60.168955, 24.951261, 2017:07:05 13:02:22
37480937082, 60.169277, 24.952663, 2017:07:05 12:58:36
36801833274, 60.168983, 24.954036, 2017:07:05 12:51:05
37512009441, 60.167647, 24.956816, 2017:07:05 09:55:05
37497335261, 60.180852, 24.912455, 2017:10:04 15:18:59
37497334471, 60.180852, 24.912455, 2017:10:04 15:26:02
37497334751, 60.180852, 24.912455, 2017:10:04 15:25:33
37497334261, 60.180852, 24.912455, 2017:10:04 15:27:15
37497333711, 60.180852, 24.912455, 2017:10:04 15:31:45
37497333471, 60.180852, 24.912455, 2017:10:04 15:33:51
36787216484, 60.180852, 24.912455, 2017:10:04 15:54:34
37447306596, 60.170692, 24.931561, 2017:10:04 16:58:41
37492206881, 60.163333, 24.968666, 2013:08:18 10:40:44
37234178510, 60.166833, 24.939000, 2013:08:18 12:04:13
37234178330, 60.162166, 24.929666, 2013:08:18 13:54:27
36782486234, 60.166333, 24.940666, 2013:08:18 12:55:48
37234177860, 60.154333, 24.936833, 2013:08:18 14:29:45
37234178010, 60.154333, 24.936833, 2013:08:18 14:25:53
37234177960, 60.154333, 24.936833, 2013:08:18 14:26:11
37234178210, 60.155000, 24.934333, 2013:08:18 14:08:33
37234177750, 60.171166, 24.937166, 2013:08:18 16:24:49
37234177580, 60.168833, 24.934500, 2013:08:19 13:48:13
37234177620, 60.172000, 24.936000, 2013:08:18 16:37:32
37234177370, 60.169500, 24.935166, 2013:08:19 14:01:58
37234177470, 60.169500, 24.935833, 2013:08:19 13:50:43
37234177250, 60.169833, 24.934833, 2013:08:19 14:02:59
37234177170, 60.170333, 24.934833, 2013:08:19 14:05:32
37234177030, 60.186333, 24.926166, 2013:08:19 14:35:10
37234177080, 60.171833, 24.935500, 2013:08:19 14:10:17
37234176800, 60.187166, 24.924500, 2013:08:19 14:55:39
37234176930, 60.186333, 24.926000, 2013:08:19 14:36:07
37234176650, 60.181833, 24.913333, 2013:08:19 15:21:25
36782483764, 60.182166, 24.913333, 2013:08:19 16:26:38
37234176430, 60.169999, 24.914833, 2013:08:19 17:22:56
37444251526, 60.171000, 24.931500, 2013:08:19 18:03:26
37234176250, 60.172666, 24.925000, 2013:08:19 17:42:41
37444251436, 60.169833, 24.952166, 2013:08:19 19:22:27
37234175850, 60.167833, 24.952166, 2013:08:19 19:30:47
37444250946, 60.163500, 24.968000, 2013:08:19 21:31:34
36782481524, 60.154333, 24.936833, 2013:08:18 14:29:15
37492203061, 60.154333, 24.937000, 2013:08:18 14:21:34
36782481214, 60.172000, 24.936333, 2013:08:18 16:31:46
36782481254, 60.158000, 24.939333, 2013:08:18 14:52:46
37492202711, 60.167166, 24.936833, 2013:08:19 12:05:15
37492202461, 60.172333, 24.935166, 2013:08:19 14:10:33
37492202571, 60.169500, 24.936333, 2013:08:19 13:57:05
37492202061, 60.173333, 24.925333, 2013:08:19 17:51:34
37492201891, 60.169500, 24.951500, 2013:08:19 19:12:53
36782480484, 60.168000, 24.952333, 2013:08:19 19:30:03
36781244424, 60.180277, 24.948888, 2017:09:23 14:21:13
37232960840, 60.179786, 24.950223, 2017:09:23 14:30:27
37232959080, 60.180505, 24.949965, 2017:09:23 14:22:12
37484688861, 60.167550, 24.948486, 2013:09:28 06:34:22
37484681441, 60.165180, 24.948210, 2013:09:28 07:08:59
37436761066, 60.166941, 24.947590, 2013:09:28 06:55:40
37226895870, 60.166834, 24.957455, 2013:09:28 08:33:09
36773383504, 60.169454, 24.934969, None
23629229638, 60.171238, 24.953502, 2017:10:01 16:43:14
37433643866, 60.171227, 24.953158, 2017:10:01 16:41:51
37481274691, 60.169327, 24.951897, 2017:09:11 16:18:15
37223603050, 60.168063, 24.952313, 2017:09:11 16:14:49
36811801013, 60.166983, 24.924688, 2017:09:11 18:16:11
36805257853, 60.199752, 24.946822, 2017:10:02 18:34:43
37473558771, 60.174786, 24.931883, 2017:09:07 10:16:25
37473558811, 60.182149, 24.913344, 2017:09:07 11:22:51
36804162303, 60.182149, 24.913344, 2017:09:07 11:25:51
36804162333, 60.182149, 24.913344, 2017:09:07 11:34:40
36804162053, 60.182149, 24.913344, 2017:09:07 11:36:58
36804161953, 60.173057, 24.925146, 2017:09:07 09:33:46
23617266178, 60.161294, 24.965894, None
36759842504, 60.161294, 24.965894, None
36759839934, 60.161294, 24.965894, None
36759836414, 60.161294, 24.965894, None
37469002971, 60.161294, 24.965894, None
37468999051, 60.161294, 24.965894, None
37468996411, 60.161294, 24.965894, None
37438274192, 60.161294, 24.965894, None
37468991941, 60.161294, 24.965894, None
36759823984, 60.161294, 24.965894, None
37211332770, 60.161294, 24.965894, None
36799353403, 60.161294, 24.965894, None
37211328570, 60.161294, 24.965894, None
36799349163, 60.161294, 24.965894, None
23617239928, 60.161294, 24.965894, None
23617232748, 60.161294, 24.965894, None
37421575886, 60.161294, 24.965894, None
37421574416, 60.161294, 24.965894, None
37421573006, 60.161294, 24.965894, None
37421571866, 60.161294, 24.965894, None
37421569606, 60.161294, 24.965894, None
36799330123, 60.161294, 24.965894, None
36799326513, 60.161294, 24.965894, None
36799325263, 60.161294, 24.965894, None
37211266010, 60.161294, 24.965894, None
37211263240, 60.161294, 24.965894, None
37211261680, 60.161294, 24.965894, None
36759766804, 60.161294, 24.965894, None
36759761884, 60.161294, 24.965894, None
36759758454, 60.161294, 24.965894, None
37421515226, 60.161294, 24.965894, None
37421511466, 60.161294, 24.965894, None
36799284143, 60.161294, 24.965894, None
36799281853, 60.161294, 24.965894, None
37211234930, 60.161294, 24.965894, None
37420201606, 60.157016, 24.904183, 2017:09:13 19:32:45
37431112312, 60.173041, 24.925380, 2017:05:05 11:52:41
36876396484, 60.167222, 24.937222, 2017:08:17 19:24:29
23665320258, 60.169610, 24.953212, 2010:11:05 00:00:00
37485104652, 60.176011, 24.911066, 2017:10:05 15:21:40
23664275318, 60.176011, 24.911066, 2017:10:05 15:22:45
37485102252, 60.176011, 24.911066, 2017:10:05 15:23:52
37485102192, 60.176011, 24.911066, 2017:10:05 15:24:45
37485101552, 60.176011, 24.911066, 2017:10:05 15:30:40
37485101042, 60.176011, 24.911066, 2017:10:05 15:30:48
37485100802, 60.176011, 24.911066, 2017:10:05 15:31:50
37485100002, 60.176011, 24.911066, 2017:10:05 15:32:44
36765780784, 60.194919, 24.941819, 2017:10:02 12:08:43
37454501391, 60.438728, 22.237143, None
37407040226, 60.438728, 22.237143, 2017:09:30 17:38:34
23551184858, 60.473408, 22.287900, 2017:09:29 18:10:43
36688392464, 60.449911, 22.263611, 2017:07:28 00:50:42
36688392124, 60.449466, 22.263211, 2017:07:28 01:50:09
37140179670, 60.449466, 22.263211, 2017:07:28 01:53:14
37140178890, 60.449911, 22.263544, 2017:07:28 02:21:12
37140177610, 60.449466, 22.263211, 2017:07:28 02:24:52
37131179040, 60.454061, 22.268150, None
23528046498, 60.435748, 22.235319, 2017:09:18 02:54:18
23528039168, 60.435748, 22.235319, 2017:09:17 14:15:59
37379848541, 60.435748, 22.235319, 2017:09:17 13:31:13
37379838841, 60.452170, 22.282869, 2017:09:17 12:15:57
37379831971, 60.452223, 22.278234, 2017:09:17 11:11:01
37379822941, 60.435351, 22.228174, 2017:09:17 07:02:55
37379812551, 60.462740, 22.334110, 2017:09:17 03:34:19
37379803741, 60.462740, 22.334110, 2017:09:17 03:30:14
37332349506, 60.448588, 22.269651, 2017:09:16 05:12:20
36710091303, 60.448704, 22.277065, 2017:09:16 03:06:50
36710082703, 60.447725, 22.268761, 2017:09:15 12:02:50
37280741246, 60.434966, 22.236316, 2017:07:20 15:25:54
36618821453, 60.449779, 22.284865, 2017:09:24 13:52:18
36618820963, 60.485364, 22.270413, 2017:09:24 14:15:12
36618820563, 60.485364, 22.270413, 2017:09:24 14:15:53
36596338383, 60.450186, 22.284747, None
36550145174, 60.452408, 22.278857, 2017:08:29 10:55:23
37094283232, 60.456241, 22.262755, 2017:09:12 03:59:02
37266800525, 60.458186, 22.260261, 2017:09:10 19:49:50
36847507310, 60.486513, 22.185030, 2017:09:15 20:12:51
36274125144, 60.448953, 22.268064, 2017:09:02 14:27:13
36967986311, 60.452382, 22.280123, 2017:09:02 14:48:01
36880355882, 60.451355, 22.279125, 2016:09:01 00:14:37
37050539995, 60.452895, 22.267029, None
36906852681, 60.438611, 22.244444, 2017:07:22 19:50:14
36879578641, 60.425900, 22.187958, 2017:08:22 07:14:09
36623198480, 60.429366, 22.197983, 2017:08:22 07:16:39
37018981835, 60.451622, 22.275294, None
37018982035, 60.451711, 22.275152, None
36721481322, 60.446789, 22.277998, 2017:08:28 13:25:14
36874448245, 60.451072, 22.273169, 2017:08:26 14:23:32
36874439165, 60.446186, 22.287616, 2017:08:26 13:52:06
36065817033, 60.446499, 22.283552, 2017:08:26 13:46:44
36477973010, 60.446188, 22.287516, 2017:08:26 13:52:16
36874438555, 60.445944, 22.290133, 2017:08:26 13:54:35
36734529481, 60.446524, 22.283447, 2017:08:26 13:48:29
36040168934, 60.448158, 22.280933, 2017:08:26 13:43:50
36874436885, 60.446505, 22.283488, 2017:08:26 13:47:15
36874436895, 60.448158, 22.280930, 2017:08:26 13:43:46
36874436695, 60.446522, 22.283452, 2017:08:26 13:47:57
36040168094, 60.447680, 22.267669, 2017:08:26 13:32:30
36065814733, 60.446516, 22.283472, 2017:08:26 13:47:36
36703316792, 60.448299, 22.267322, 2017:08:25 10:06:39
36703316372, 60.449633, 22.271533, 2017:08:25 11:19:19
36703315822, 60.449658, 22.271661, 2017:08:25 11:20:54
36040025474, 60.448444, 22.267797, 2017:08:25 10:11:04
36703315602, 60.448447, 22.267711, 2017:08:25 10:07:55
36040024774, 60.451786, 22.265922, 2017:08:25 11:46:06
36734418221, 60.450183, 22.272405, 2017:08:25 11:25:55
36703313662, 60.452708, 22.272913, 2017:08:25 11:37:21
36703305282, 60.451775, 22.265608, 2017:08:25 11:49:01
36477863270, 60.448497, 22.265230, 2017:08:25 12:09:24
36703303902, 60.448319, 22.267508, 2017:08:25 12:13:26
36040019234, 60.444952, 22.260569, 2017:08:25 12:52:30
36477861900, 60.446861, 22.264577, 2017:08:25 12:33:14
36734413791, 60.444405, 22.262033, 2017:08:25 12:56:00
36703302752, 60.445102, 22.260938, 2017:08:25 12:53:26
36477861500, 60.445100, 22.260813, 2017:08:25 12:53:08
36703302802, 60.444216, 22.260561, 2017:08:25 12:58:03
36703302492, 60.444149, 22.261836, 2017:08:25 12:55:19
36703301712, 60.444936, 22.260522, 2017:08:25 13:00:05
36874309405, 60.444722, 22.260477, 2017:08:25 13:01:56
36874307735, 60.444752, 22.260775, 2017:08:25 13:02:19
36040014914, 60.444827, 22.260788, 2017:08:25 13:02:47
36477855450, 60.445080, 22.260625, 2017:08:25 13:03:39
36734406381, 60.445136, 22.259980, 2017:08:25 13:31:34
36040013674, 60.444999, 22.260522, 2017:08:25 13:10:11
36734406771, 60.445133, 22.260333, 2017:08:25 13:08:15
36477854640, 60.445011, 22.260508, 2017:08:25 13:21:01
36703296802, 60.444805, 22.260322, 2017:08:25 13:12:10
36874302725, 60.445105, 22.260125, 2017:08:25 13:21:59
36477854160, 60.445044, 22.260491, 2017:08:25 13:22:58
36040012154, 60.445013, 22.259925, 2017:08:25 13:43:50
36477851800, 60.445061, 22.259900, 2017:08:25 13:44:55
36734403031, 60.444972, 22.260200, 2017:08:25 13:40:53
36040010754, 60.445019, 22.260000, 2017:08:25 13:39:22
36874297305, 60.445038, 22.260300, 2017:08:25 13:46:05
36703292962, 60.450475, 22.271766, 2017:08:25 16:58:56
36040009324, 60.451641, 22.269030, 2017:08:25 15:14:42
36477849390, 60.449633, 22.271750, 2017:08:25 18:35:19
36734400531, 60.451683, 22.265986, 2017:08:25 16:05:25
36703292782, 60.450477, 22.271769, 2017:08:25 16:59:15
36065651283, 60.450394, 22.270508, 2017:08:25 18:48:40
36477848660, 60.448977, 22.261641, 2017:08:25 19:11:36
36040008794, 60.450591, 22.271069, 2017:08:25 18:46:21
36874294975, 60.449488, 22.267197, 2017:08:25 19:03:18
36065649783, 60.448936, 22.260002, 2017:08:25 19:12:48
36874290485, 60.450713, 22.275366, 2017:08:26 11:35:35
36703288852, 60.450122, 22.274572, 2017:08:26 11:32:47
36065648633, 60.450475, 22.275438, 2017:08:26 11:38:48
36477844010, 60.451113, 22.274869, 2017:08:26 11:53:03
36734394201, 60.450455, 22.275436, 2017:08:26 11:37:07
36734393191, 60.450316, 22.275386, 2017:08:26 11:44:57
36477842970, 60.450966, 22.276241, 2017:08:26 11:47:33
36477842650, 60.451030, 22.274797, 2017:08:26 11:51:21
36703286272, 60.447616, 22.257408, 2017:08:26 13:16:35
36703286182, 60.449905, 22.273394, 2017:08:26 11:58:13
36040002844, 60.449905, 22.273394, 2017:08:26 11:58:13
36065643883, 60.447697, 22.267669, 2017:08:26 13:31:59
36059488483, 60.435552, 22.230126, 2017:08:28 10:45:32
36031093284, 60.464723, 22.323381, 2017:08:28 07:13:43
36031084814, 60.464723, 22.323381, 2017:08:28 07:13:17
36865389905, 60.464723, 22.323381, 2017:08:28 07:12:06
36865383675, 60.465786, 22.335054, 2017:08:28 07:05:07
36056690523, 60.465786, 22.335054, 2017:08:28 07:04:54
36031059444, 60.465786, 22.335054, 2017:08:28 07:03:54
36031051544, 60.465786, 22.335054, 2017:08:28 07:00:45
36469011800, 60.465786, 22.335054, 2017:08:28 06:59:26
36469004360, 60.464517, 22.334733, 2017:08:28 06:57:31
36056665423, 60.461047, 22.316172, 2017:08:28 06:45:47
36056651713, 60.461047, 22.316172, 2017:08:28 06:44:18
36056647363, 60.451641, 22.278696, 2017:08:28 06:20:15
36056640813, 60.451641, 22.278696, 2017:08:28 06:19:29
36865306165, 60.464723, 22.323381, 2017:08:28 07:14:24
36039180283, 60.456077, 22.209788, 2017:08:24 11:36:29
36677597872, 60.469761, 22.164341, 2017:08:24 13:01:11
36039177073, 60.462883, 22.278930, 2017:08:24 16:39:22
36677593912, 60.451450, 22.244200, 2017:08:24 17:00:34
36677589822, 60.454708, 22.219366, 2017:08:25 08:53:52
36677585832, 60.453175, 22.233111, 2017:08:25 11:22:18
36848084955, 60.453811, 22.228469, 2017:08:25 11:42:50
36677576812, 60.444513, 22.169358, 2017:08:27 17:44:34
36451872070, 60.444127, 22.167180, 2017:08:27 17:48:25
36677571962, 60.444663, 22.170477, 2017:08:27 18:06:28
36451869260, 60.444597, 22.170005, 2017:08:27 18:08:44
36672248472, 60.446609, 22.278470, 2017:08:27 13:21:07
36032696363, 60.451810, 22.265896, 2017:08:27 07:41:44
36445446870, 60.451810, 22.265896, 2017:08:27 07:41:21
36671207712, 60.451810, 22.265896, 2017:08:27 07:41:05
36702124051, 60.451810, 22.265896, 2017:08:27 07:40:41
36007414044, 60.451810, 22.265896, 2017:08:27 07:40:10
36841592735, 60.448657, 22.246520, 2017:08:27 07:24:58
36702097781, 60.450128, 22.247593, 2017:08:27 07:22:03
36445390560, 60.450128, 22.247593, 2017:08:27 07:21:32
36032618353, 60.451964, 22.241177, 2017:08:27 07:15:07
36007362164, 60.451964, 22.241177, 2017:08:27 07:14:58
36841548815, 60.451964, 22.241177, 2017:08:27 07:14:33
36007337294, 60.451964, 22.241177, 2017:08:27 07:14:11
36032584063, 60.451964, 22.241177, 2017:08:27 07:13:36
36671108102, 60.451964, 22.241177, 2017:08:27 07:13:12
36841518875, 60.451964, 22.241177, 2017:08:27 07:09:27
36702023311, 60.451964, 22.241177, 2017:08:27 07:00:40
36841494565, 60.451964, 22.241177, 2017:08:27 06:58:51
36841481605, 60.451964, 22.241177, 2017:08:27 06:58:42
36841466435, 60.451964, 22.241177, 2017:08:27 06:58:16
36701996251, 60.451964, 22.241177, 2017:08:27 06:57:21
36701985081, 60.451964, 22.241177, 2017:08:27 06:57:14
36007233624, 60.451964, 22.241177, 2017:08:27 06:56:45
36445261890, 60.451964, 22.241177, 2017:08:27 06:56:11
36701956021, 60.451964, 22.241177, 2017:08:27 06:55:53
36841415135, 60.451964, 22.241177, 2017:08:27 06:55:17
36841404535, 60.451964, 22.241177, 2017:08:27 06:54:03
36841390925, 60.451964, 22.241177, 2017:08:27 06:53:44
36841371205, 60.451964, 22.241177, 2017:08:27 06:52:46
36032466603, 60.451964, 22.241177, 2017:08:27 06:50:51
36007126194, 60.451964, 22.241177, 2017:08:27 06:50:35
36007117434, 60.451964, 22.241177, 2017:08:27 06:50:18
36841300115, 60.451964, 22.241177, 2017:08:27 06:49:14
36032426083, 60.451964, 22.241177, 2017:08:27 06:48:27
36032402533, 60.451964, 22.241177, 2017:08:27 06:47:54
36701811941, 60.451964, 22.241177, 2017:08:27 06:47:31
36701805281, 60.451964, 22.241177, 2017:08:27 06:46:57
36445072130, 60.451964, 22.241177, 2017:08:27 06:45:05
36670886672, 60.451964, 22.241177, 2017:08:27 06:44:45
36701739031, 60.451964, 22.241177, 2017:08:27 06:44:31
36032324083, 60.451964, 22.241177, 2017:08:27 06:44:16
36032311243, 60.451964, 22.241177, 2017:08:27 06:43:56
36032301753, 60.451964, 22.241177, 2017:08:27 06:43:39
36841161765, 60.451964, 22.241177, 2017:08:27 06:43:12
36841152745, 60.451964, 22.241177, 2017:08:27 06:42:29
36006946144, 60.451964, 22.241177, 2017:08:27 06:42:09
36006934734, 60.451964, 22.241177, 2017:08:27 06:41:51
36701672951, 60.451964, 22.241177, 2017:08:27 06:41:29
36841070205, 60.453048, 22.249728, 2017:08:27 06:37:00
36670748932, 60.453048, 22.249728, 2017:08:27 06:36:43
36006854344, 60.453048, 22.249728, 2017:08:27 06:36:18
36006849004, 60.456736, 22.263278, 2017:08:27 06:25:42
36006829634, 60.451810, 22.265896, 2017:08:27 07:41:55
36018191533, 60.445207, 22.258912, 2017:08:26 21:42:10
36005537613, 60.451546, 22.266787, 2017:08:26 07:43:57
36814676865, 60.451546, 22.266787, 2017:08:26 07:36:47
35979977404, 60.451546, 22.266787, 2017:08:26 07:26:21
36814666565, 60.451546, 22.266787, 2017:08:26 07:20:21
36814663755, 60.451546, 22.266787, 2017:08:26 07:16:05
36675035911, 60.451546, 22.266787, 2017:08:26 07:15:10
36675027761, 60.451546, 22.266787, 2017:08:26 07:12:05
36675017761, 60.451546, 22.266787, 2017:08:26 07:07:01
35979923204, 60.451546, 22.266787, 2017:08:26 07:06:03
35979910824, 60.451546, 22.266787, 2017:08:26 06:59:03
36674989161, 60.451546, 22.266787, 2017:08:26 06:58:33
36417794620, 60.451546, 22.266787, 2017:08:26 06:56:37
36417791340, 60.451546, 22.266787, 2017:08:26 06:56:37
36417785370, 60.451546, 22.266787, 2017:08:26 06:52:02
36643955582, 60.451546, 22.266787, 2017:08:26 06:47:35
36643943342, 60.451546, 22.266787, 2017:08:26 06:47:19
36005434443, 60.451546, 22.266787, 2017:08:26 06:44:42
36674905621, 60.451546, 22.266787, 2017:08:26 06:44:21
36417740570, 60.451546, 22.266787, 2017:08:26 06:43:29
36814533385, 60.451546, 22.266787, 2017:08:26 07:44:26
36777140605, 60.456380, 22.256511, 2017:07:29 12:25:32
36636338821, 60.449604, 22.271454, 2017:08:24 06:33:45
36636332761, 60.447196, 22.263504, 2017:08:24 06:28:16
36728323636, 60.447196, 22.263504, 2017:08:24 06:27:50
35966563003, 60.447196, 22.263504, 2017:08:24 06:26:18
35966557473, 60.446667, 22.261047, 2017:08:24 06:25:53
36775595725, 60.445789, 22.257978, 2017:08:24 06:23:21
35941010484, 60.445450, 22.256305, 2017:08:24 06:19:28
36775587615, 60.445450, 22.256305, 2017:08:24 06:18:25
36378605720, 60.444794, 22.254631, 2017:08:24 06:17:10
36636276971, 60.449207, 22.249674, 2017:08:24 06:08:11
36775567985, 60.449207, 22.249674, 2017:08:24 06:05:31
36378580920, 60.449207, 22.249674, 2017:08:24 06:04:10
35966518023, 60.448879, 22.256412, 2017:08:24 05:57:15
35966512493, 60.448879, 22.256412, 2017:08:24 05:57:00
35966505843, 60.449366, 22.258054, 2017:08:24 05:55:42
36636244531, 60.451392, 22.263826, 2017:08:24 05:53:19
36605518302, 60.451392, 22.263826, 2017:08:24 05:49:31
36605510782, 60.451784, 22.265188, 2017:08:24 05:47:34
36636222531, 60.451784, 22.265188, 2017:08:24 05:46:49
36636206881, 60.451784, 22.265188, 2017:08:24 05:46:31
36636198951, 60.451784, 22.265188, 2017:08:24 05:46:05
36378524600, 60.451784, 22.265188, 2017:08:24 05:45:56
35940907644, 60.449604, 22.271454, 2017:08:24 06:34:44
36633719191, 60.451366, 22.264630, 2017:08:12 08:18:22
36772890845, 60.451445, 22.264834, 2017:08:12 08:18:51
36622093661, 60.462891, 22.278783, 2017:08:23 16:42:09
36706303626, 60.457405, 22.261138, 2017:08:22 16:16:31
36612929601, 60.454663, 22.253852, 2017:07:29 11:32:29
36612927351, 60.451641, 22.257738, 2017:07:29 12:35:25
36694821316, 60.451763, 22.265394, 2017:08:22 16:45:04
35899217204, 60.466981, 22.290830, 2017:08:22 07:38:04
35899201464, 60.466981, 22.290830, 2017:08:22 07:35:46
36564100532, 60.466833, 22.285015, 2017:08:22 07:27:41
35899173034, 60.466833, 22.285015, 2017:08:22 07:26:52
35924338193, 60.466833, 22.285015, 2017:08:22 07:24:07
36337962120, 60.464390, 22.282805, 2017:08:22 07:21:49
36337949350, 60.464390, 22.282805, 2017:08:22 07:21:15
36594591391, 60.464390, 22.282805, 2017:08:22 07:19:30
36874295915, 60.450408, 22.270608, 2017:08:25 18:48:09
36835623255, 60.451123, 22.272934, 2017:05:06 16:02:19
36695923831, 60.451874, 22.273600, 2017:05:06 16:20:56
